--INFLUENCE_TOKEN
INSERT OR REPLACE INTO CivicModifiers 				
(CivicType, 									ModifierId) 	VALUES 	
('CIVIC_MILITARY_TRADITION' , 		'CIVIC_AWARD_ONE_INFLUENCE_TOKEN'),	
('CIVIC_FEUDALISM' , 				'CIVIC_AWARD_ONE_INFLUENCE_TOKEN'),	
('CIVIC_CIVIL_SERVICE' , 			'CIVIC_AWARD_ONE_INFLUENCE_TOKEN'),	
('CIVIC_HUMANISM' , 				'CIVIC_AWARD_TWO_INFLUENCE_TOKENS'),	
('CIVIC_DIPLOMATIC_SERVICE' , 		'CIVIC_AWARD_TWO_INFLUENCE_TOKENS'),	
('CIVIC_MASS_MEDIA' , 				'CIVIC_AWARD_THREE_INFLUENCE_TOKENS'),	
('CIVIC_PROFESSIONAL_SPORTS' , 		'CIVIC_AWARD_THREE_INFLUENCE_TOKENS'),	
('CIVIC_GLOBALIZATION' , 			'CIVIC_AWARD_THREE_INFLUENCE_TOKENS'),	
('CIVIC_SOCIAL_MEDIA' , 			'CIVIC_AWARD_THREE_INFLUENCE_TOKENS');
DELETE FROM CivicModifiers WHERE CivicType = 'CIVIC_NAVAL_TRADITION' AND ModifierId = 'CIVIC_AWARD_ONE_INFLUENCE_TOKEN';
DELETE FROM CivicModifiers WHERE CivicType = 'CIVIC_MERCENARIES' AND ModifierId = 'CIVIC_AWARD_ONE_INFLUENCE_TOKEN';
DELETE FROM CivicModifiers WHERE CivicType = 'CIVIC_SCORCHED_EARTH' AND ModifierId = 'CIVIC_AWARD_TWO_INFLUENCE_TOKENS';
DELETE FROM CivicModifiers WHERE CivicType = 'CIVIC_NATURAL_HISTORY' AND ModifierId = 'CIVIC_AWARD_TWO_INFLUENCE_TOKENS';
DELETE FROM CivicModifiers WHERE CivicType = 'CIVIC_NEAR_FUTURE_GOVERNANCE' AND ModifierId = 'CIVIC_AWARD_THREE_INFLUENCE_TOKENS';

--RequirementSets
INSERT OR REPLACE INTO RequirementSets 				
(RequirementSetId, 									RequirementSetType) 	VALUES 	
('PLAYER_HAS_LARGEST_INFLUENCE' , 					'REQUIREMENTSET_TEST_ALL'),	
('PLAYER_HAS_SMALL_INFLUENCE_IS_SUZERAIN' , 		'REQUIREMENTSET_TEST_ALL'),
('PLAYER_HAS_MEDIUM_INFLUENCE_IS_SUZERAIN' , 		'REQUIREMENTSET_TEST_ALL'),
('PLAYER_HAS_LARGE_INFLUENCE_IS_SUZERAIN' , 		'REQUIREMENTSET_TEST_ALL'),
('PLAYER_HAS_LARGEST_INFLUENCE_IS_SUZERAIN' , 		'REQUIREMENTSET_TEST_ALL');

--RequirementSetRequirements
INSERT OR REPLACE INTO RequirementSetRequirements 	
(RequirementSetId , 										RequirementId) 			VALUES 		
('PLAYER_HAS_LARGEST_INFLUENCE' , 							'REQUIRES_PLAYER_HAS_LARGEST_INFLUENCE'),
('PLAYER_HAS_LARGEST_INFLUENCE' , 							'REQUIRES_PLAYER_AT_PEACE'),
('PLAYER_HAS_SMALL_INFLUENCE_IS_SUZERAIN' , 				'REQUIRES_PLAYER_HAS_SMALL_INFLUENCE'),
('PLAYER_HAS_SMALL_INFLUENCE_IS_SUZERAIN' , 				'REQUIRES_PLAYER_AT_PEACE'),
('PLAYER_HAS_SMALL_INFLUENCE_IS_SUZERAIN' , 				'REQUIRES_PLAYER_IS_SUZERAIN'),
('PLAYER_HAS_MEDIUM_INFLUENCE_IS_SUZERAIN' , 				'REQUIRES_PLAYER_HAS_MEDIUM_INFLUENCE'),
('PLAYER_HAS_MEDIUM_INFLUENCE_IS_SUZERAIN' , 				'REQUIRES_PLAYER_AT_PEACE'),
('PLAYER_HAS_MEDIUM_INFLUENCE_IS_SUZERAIN' , 				'REQUIRES_PLAYER_IS_SUZERAIN'),
('PLAYER_HAS_LARGE_INFLUENCE_IS_SUZERAIN' , 				'REQUIRES_PLAYER_HAS_LARGE_INFLUENCE'),
('PLAYER_HAS_LARGE_INFLUENCE_IS_SUZERAIN' , 				'REQUIRES_PLAYER_AT_PEACE'),
('PLAYER_HAS_LARGE_INFLUENCE_IS_SUZERAIN' , 				'REQUIRES_PLAYER_IS_SUZERAIN'),
('PLAYER_HAS_LARGEST_INFLUENCE_IS_SUZERAIN' , 				'REQUIRES_PLAYER_HAS_LARGEST_INFLUENCE'),
('PLAYER_HAS_LARGEST_INFLUENCE_IS_SUZERAIN' , 				'REQUIRES_PLAYER_AT_PEACE'),
('PLAYER_HAS_LARGEST_INFLUENCE_IS_SUZERAIN' , 				'REQUIRES_PLAYER_IS_SUZERAIN');

--Requirements
INSERT OR REPLACE INTO 		Requirements 
(RequirementId,										RequirementType) VALUES						
('REQUIRES_PLAYER_HAS_LARGEST_INFLUENCE',			'REQUIREMENT_PLAYER_HAS_GIVEN_INFLUENCE_TOKENS');

--RequirementArguments		
INSERT OR REPLACE INTO 		RequirementArguments 
(RequirementId,										Name,					Value) VALUES						
('REQUIRES_PLAYER_HAS_LARGEST_INFLUENCE',			'MinimumTokens',		10);

--TraitModifiers
DELETE FROM TraitModifiers WHERE TraitType LIKE 'MINOR_CIV_%' AND ModifierId LIKE '%_SMALL_INFLUENCE_%';
DELETE FROM TraitModifiers WHERE TraitType LIKE 'MINOR_CIV_%' AND ModifierId LIKE '%_MEDIUM_INFLUENCE_%';
DELETE FROM TraitModifiers WHERE TraitType LIKE 'MINOR_CIV_%' AND ModifierId LIKE '%_LARGE_INFLUENCE_%';

INSERT OR REPLACE INTO TraitModifiers 				
(TraitType, 									ModifierId) 	VALUES 	
--SCIENTIFIC
('MINOR_CIV_SCIENTIFIC_TRAIT' , 				'GA_MINOR_CIV_SCIENTIFIC_SMALL_NONSUZERAIN_CAPITAL_YIELD_SCIENCE'),	
('MINOR_CIV_SCIENTIFIC_TRAIT' , 				'GA_MINOR_CIV_SCIENTIFIC_SMALL_SUZERAIN_CAPITAL_YIELD_SCIENCE'),	
('MINOR_CIV_SCIENTIFIC_TRAIT' , 				'GA_MINOR_CIV_SCIENTIFIC_SMALL_NONSUZERAIN_DISTRICT_CAMPUS_YIELD_SCIENCE'),	
('MINOR_CIV_SCIENTIFIC_TRAIT' , 				'GA_MINOR_CIV_SCIENTIFIC_SMALL_SUZERAIN_DISTRICT_CAMPUS_YIELD_SCIENCE'),	
('MINOR_CIV_SCIENTIFIC_TRAIT' , 				'GA_MINOR_CIV_SCIENTIFIC_MEDIUM_NONSUZERAIN_BUILDING_LIBRARY_YIELD_SCIENCE'),	
('MINOR_CIV_SCIENTIFIC_TRAIT' , 				'GA_MINOR_CIV_SCIENTIFIC_MEDIUM_SUZERAIN_BUILDING_LIBRARY_YIELD_SCIENCE'),	
('MINOR_CIV_SCIENTIFIC_TRAIT' , 				'GA_MINOR_CIV_SCIENTIFIC_LARGE_NONSUZERAIN_BUILDING_UNIVERSITY_YIELD_SCIENCE'),	
('MINOR_CIV_SCIENTIFIC_TRAIT' , 				'GA_MINOR_CIV_SCIENTIFIC_LARGE_SUZERAIN_BUILDING_UNIVERSITY_YIELD_SCIENCE'),	
('MINOR_CIV_SCIENTIFIC_TRAIT' , 				'GA_MINOR_CIV_SCIENTIFIC_LARGEST_NONSUZERAIN_BUILDING_RESEARCH_LAB_YIELD_SCIENCE'),	
('MINOR_CIV_SCIENTIFIC_TRAIT' , 				'GA_MINOR_CIV_SCIENTIFIC_LARGEST_SUZERAIN_BUILDING_RESEARCH_LAB_YIELD_SCIENCE'),
--CULTURAL
('MINOR_CIV_CULTURAL_TRAIT' , 					'GA_MINOR_CIV_CULTURAL_SMALL_NONSUZERAIN_CAPITAL_YIELD_CULTURE'),	
('MINOR_CIV_CULTURAL_TRAIT' , 					'GA_MINOR_CIV_CULTURAL_SMALL_SUZERAIN_CAPITAL_YIELD_CULTURE'),
('MINOR_CIV_CULTURAL_TRAIT' , 					'GA_MINOR_CIV_CULTURAL_SMALL_NONSUZERAIN_DISTRICT_THEATER_YIELD_CULTURE'),	
('MINOR_CIV_CULTURAL_TRAIT' , 					'GA_MINOR_CIV_CULTURAL_SMALL_SUZERAIN_DISTRICT_THEATER_YIELD_CULTURE'),		
('MINOR_CIV_CULTURAL_TRAIT' , 					'GA_MINOR_CIV_CULTURAL_MEDIUM_NONSUZERAIN_BUILDING_AMPHITHEATER_YIELD_CULTURE'),	
('MINOR_CIV_CULTURAL_TRAIT' , 					'GA_MINOR_CIV_CULTURAL_MEDIUM_SUZERAIN_BUILDING_AMPHITHEATER_YIELD_CULTURE'),	
('MINOR_CIV_CULTURAL_TRAIT' , 					'GA_MINOR_CIV_CULTURAL_LARGE_NONSUZERAIN_BUILDING_MUSEUM_ART_YIELD_CULTURE'),	
('MINOR_CIV_CULTURAL_TRAIT' , 					'GA_MINOR_CIV_CULTURAL_LARGE_SUZERAIN_BUILDING_MUSEUM_ART_YIELD_CULTURE'),
('MINOR_CIV_CULTURAL_TRAIT' , 					'GA_MINOR_CIV_CULTURAL_LARGE_NONSUZERAIN_BUILDING_MUSEUM_ARTIFACT_YIELD_CULTURE'),	
('MINOR_CIV_CULTURAL_TRAIT' , 					'GA_MINOR_CIV_CULTURAL_LARGE_SUZERAIN_BUILDING_MUSEUM_ARTIFACT_YIELD_CULTURE'),	
('MINOR_CIV_CULTURAL_TRAIT' , 					'GA_MINOR_CIV_CULTURAL_LARGEST_NONSUZERAIN_BUILDING_BROADCAST_CENTER_YIELD_CULTURE'),	
('MINOR_CIV_CULTURAL_TRAIT' , 					'GA_MINOR_CIV_CULTURAL_LARGEST_SUZERAIN_BUILDING_BROADCAST_CENTER_YIELD_CULTURE'),
--TRADE
('MINOR_CIV_TRADE_TRAIT' ,						'GA_MINOR_CIV_TRADE_SMALL_NONSUZERAIN_CAPITAL_YIELD_GOLD'),
('MINOR_CIV_TRADE_TRAIT' ,						'GA_MINOR_CIV_TRADE_SMALL_SUZERAIN_CAPITAL_YIELD_GOLD'),
('MINOR_CIV_TRADE_TRAIT' ,						'GA_MINOR_CIV_TRADE_SMALL_NONSUZERAIN_DISTRICT_COMMERCIAL_HUB_YIELD_GOLD'),
('MINOR_CIV_TRADE_TRAIT' ,						'GA_MINOR_CIV_TRADE_SMALL_SUZERAIN_DISTRICT_COMMERCIAL_HUB_YIELD_GOLD'),
('MINOR_CIV_TRADE_TRAIT' ,						'GA_MINOR_CIV_TRADE_SMALL_NONSUZERAIN_DISTRICT_HARBOR_YIELD_GOLD'),
('MINOR_CIV_TRADE_TRAIT' ,						'GA_MINOR_CIV_TRADE_SMALL_SUZERAIN_DISTRICT_HARBOR_YIELD_GOLD'),
('MINOR_CIV_TRADE_TRAIT' ,						'GA_MINOR_CIV_TRADE_MEDIUM_NONSUZERAIN_BUILDING_MARKET_YIELD_GOLD'),
('MINOR_CIV_TRADE_TRAIT' ,						'GA_MINOR_CIV_TRADE_MEDIUM_SUZERAIN_BUILDING_MARKET_YIELD_GOLD'),
('MINOR_CIV_TRADE_TRAIT' ,						'GA_MINOR_CIV_TRADE_MEDIUM_NONSUZERAIN_BUILDING_LIGHTHOUSE_YIELD_GOLD'),
('MINOR_CIV_TRADE_TRAIT' ,						'GA_MINOR_CIV_TRADE_MEDIUM_SUZERAIN_BUILDING_LIGHTHOUSE_YIELD_GOLD'),
('MINOR_CIV_TRADE_TRAIT' ,						'GA_MINOR_CIV_TRADE_LARGE_NONSUZERAIN_BUILDING_BANK_YIELD_GOLD'),
('MINOR_CIV_TRADE_TRAIT' ,						'GA_MINOR_CIV_TRADE_LARGE_SUZERAIN_BUILDING_BANK_YIELD_GOLD'),
('MINOR_CIV_TRADE_TRAIT' ,						'GA_MINOR_CIV_TRADE_LARGE_NONSUZERAIN_BUILDING_SHIPYARD_YIELD_GOLD'),
('MINOR_CIV_TRADE_TRAIT' ,						'GA_MINOR_CIV_TRADE_LARGE_SUZERAIN_BUILDING_SHIPYARD_YIELD_GOLD'),
('MINOR_CIV_TRADE_TRAIT' ,						'GA_MINOR_CIV_TRADE_LARGEST_NONSUZERAIN_BUILDING_STOCK_EXCHANGE_YIELD_GOLD'),
('MINOR_CIV_TRADE_TRAIT' ,						'GA_MINOR_CIV_TRADE_LARGEST_SUZERAIN_BUILDING_STOCK_EXCHANGE_YIELD_GOLD'),
('MINOR_CIV_TRADE_TRAIT' ,						'GA_MINOR_CIV_TRADE_LARGEST_NONSUZERAIN_BUILDING_SEAPORT_YIELD_GOLD'),
('MINOR_CIV_TRADE_TRAIT' ,						'GA_MINOR_CIV_TRADE_LARGEST_SUZERAIN_BUILDING_SEAPORT_YIELD_GOLD'),
--RELIGIOUS
('MINOR_CIV_RELIGIOUS_TRAIT',					'GA_MINOR_CIV_RELIGIOUS_SMALL_NONSUZERAIN_CAPITAL_YIELD_FAITH'),
('MINOR_CIV_RELIGIOUS_TRAIT',					'GA_MINOR_CIV_RELIGIOUS_SMALL_SUZERAIN_CAPITAL_YIELD_FAITH'),
('MINOR_CIV_RELIGIOUS_TRAIT',					'GA_MINOR_CIV_RELIGIOUS_SMALL_NONSUZERAIN_DISTRICT_HOLY_SITE_YIELD_FAITH'),
('MINOR_CIV_RELIGIOUS_TRAIT',					'GA_MINOR_CIV_RELIGIOUS_SMALL_SUZERAIN_DISTRICT_HOLY_SITE_YIELD_FAITH'),
('MINOR_CIV_RELIGIOUS_TRAIT',					'GA_MINOR_CIV_RELIGIOUS_MEDIUM_NONSUZERAIN_BUILDING_SHRINE_YIELD_FAITH'),
('MINOR_CIV_RELIGIOUS_TRAIT',					'GA_MINOR_CIV_RELIGIOUS_MEDIUM_SUZERAIN_BUILDING_SHRINE_YIELD_FAITH'),
('MINOR_CIV_RELIGIOUS_TRAIT',					'GA_MINOR_CIV_RELIGIOUS_LARGE_NONSUZERAIN_BUILDING_TEMPLE_YIELD_FAITH'),
('MINOR_CIV_RELIGIOUS_TRAIT',					'GA_MINOR_CIV_RELIGIOUS_LARGE_SUZERAIN_BUILDING_TEMPLE_YIELD_FAITH'),
--MILITARISTIC
('MINOR_CIV_MILITARISTIC_TRAIT' , 				'GA_MINOR_CIV_MILITARISTIC_SMALL_NONSUZERAIN_CAPITAL_UNITS_PRODUCTION'),	
('MINOR_CIV_MILITARISTIC_TRAIT' , 				'GA_MINOR_CIV_MILITARISTIC_SMALL_SUZERAIN_CAPITAL_UNITS_PRODUCTION'),
('MINOR_CIV_MILITARISTIC_TRAIT' , 				'GA_MINOR_CIV_MILITARISTIC_SMALL_NONSUZERAIN_DISTRICT_ENCAMPMENT_UNITS_PRODUCTION'),	
('MINOR_CIV_MILITARISTIC_TRAIT' , 				'GA_MINOR_CIV_MILITARISTIC_SMALL_SUZERAIN_DISTRICT_ENCAMPMENT_UNITS_PRODUCTION'),
('MINOR_CIV_MILITARISTIC_TRAIT' , 				'GA_MINOR_CIV_MILITARISTIC_MEDIUM_NONSUZERAIN_TIER1_UNITS_PRODUCTION'),	
('MINOR_CIV_MILITARISTIC_TRAIT' , 				'GA_MINOR_CIV_MILITARISTIC_MEDIUM_SUZERAIN_TIER1_UNITS_PRODUCTION'),
('MINOR_CIV_MILITARISTIC_TRAIT' , 				'GA_MINOR_CIV_MILITARISTIC_LARGE_NONSUZERAIN_TIER2_UNITS_PRODUCTION'),	
('MINOR_CIV_MILITARISTIC_TRAIT' , 				'GA_MINOR_CIV_MILITARISTIC_LARGE_SUZERAIN_TIER2_UNITS_PRODUCTION'),	
('MINOR_CIV_MILITARISTIC_TRAIT' , 				'GA_MINOR_CIV_MILITARISTIC_LARGEST_NONSUZERAIN_TIER3_UNITS_PRODUCTION'),	
('MINOR_CIV_MILITARISTIC_TRAIT' , 				'GA_MINOR_CIV_MILITARISTIC_LARGEST_SUZERAIN_TIER3_UNITS_PRODUCTION'),
--INDUSTRIAL
('MINOR_CIV_INDUSTRIAL_TRAIT' , 				'GA_MINOR_CIV_INDUSTRIAL_SMALL_NONSUZERAIN_CAPITAL_BUILDINGS_PRODUCTION'),	
('MINOR_CIV_INDUSTRIAL_TRAIT' , 				'GA_MINOR_CIV_INDUSTRIAL_SMALL_SUZERAIN_CAPITAL_BUILDINGS_PRODUCTION'),
('MINOR_CIV_INDUSTRIAL_TRAIT' , 				'GA_MINOR_CIV_INDUSTRIAL_SMALL_NONSUZERAIN_CAPITAL_DISTRICTS_PRODUCTION'),	
('MINOR_CIV_INDUSTRIAL_TRAIT' , 				'GA_MINOR_CIV_INDUSTRIAL_SMALL_SUZERAIN_CAPITAL_DISTRICTS_PRODUCTION'),
('MINOR_CIV_INDUSTRIAL_TRAIT' , 				'GA_MINOR_CIV_INDUSTRIAL_SMALL_NONSUZERAIN_DISTRICT_INDUSTRIAL_ZONE_BUILDINGS_PRODUCTION'),	
('MINOR_CIV_INDUSTRIAL_TRAIT' , 				'GA_MINOR_CIV_INDUSTRIAL_SMALL_SUZERAIN_DISTRICT_INDUSTRIAL_ZONE_BUILDINGS_PRODUCTION'),
('MINOR_CIV_INDUSTRIAL_TRAIT' , 				'GA_MINOR_CIV_INDUSTRIAL_SMALL_NONSUZERAIN_DISTRICT_INDUSTRIAL_ZONE_DISTRICTS_PRODUCTION'),	
('MINOR_CIV_INDUSTRIAL_TRAIT' , 				'GA_MINOR_CIV_INDUSTRIAL_SMALL_SUZERAIN_DISTRICT_INDUSTRIAL_ZONE_DISTRICTS_PRODUCTION'),
('MINOR_CIV_INDUSTRIAL_TRAIT' , 				'GA_MINOR_CIV_INDUSTRIAL_MEDIUM_NONSUZERAIN_TIER1_BUILDINGS_PRODUCTION'),	
('MINOR_CIV_INDUSTRIAL_TRAIT' , 				'GA_MINOR_CIV_INDUSTRIAL_MEDIUM_SUZERAIN_TIER1_BUILDINGS_PRODUCTION'),
('MINOR_CIV_INDUSTRIAL_TRAIT' , 				'GA_MINOR_CIV_INDUSTRIAL_MEDIUM_NONSUZERAIN_TIER1_DISTRICTS_PRODUCTION'),	
('MINOR_CIV_INDUSTRIAL_TRAIT' , 				'GA_MINOR_CIV_INDUSTRIAL_MEDIUM_SUZERAIN_TIER1_DISTRICTS_PRODUCTION'),
('MINOR_CIV_INDUSTRIAL_TRAIT' , 				'GA_MINOR_CIV_INDUSTRIAL_LARGE_NONSUZERAIN_TIER2_BUILDINGS_PRODUCTION'),	
('MINOR_CIV_INDUSTRIAL_TRAIT' , 				'GA_MINOR_CIV_INDUSTRIAL_LARGE_SUZERAIN_TIER2_BUILDINGS_PRODUCTION'),
('MINOR_CIV_INDUSTRIAL_TRAIT' , 				'GA_MINOR_CIV_INDUSTRIAL_LARGE_NONSUZERAIN_TIER2_DISTRICTS_PRODUCTION'),	
('MINOR_CIV_INDUSTRIAL_TRAIT' , 				'GA_MINOR_CIV_INDUSTRIAL_LARGE_SUZERAIN_TIER2_DISTRICTS_PRODUCTION'),		
('MINOR_CIV_INDUSTRIAL_TRAIT' , 				'GA_MINOR_CIV_INDUSTRIAL_LARGEST_NONSUZERAIN_TIER3_BUILDINGS_PRODUCTION'),	
('MINOR_CIV_INDUSTRIAL_TRAIT' , 				'GA_MINOR_CIV_INDUSTRIAL_LARGEST_SUZERAIN_TIER3_BUILDINGS_PRODUCTION'),	
('MINOR_CIV_INDUSTRIAL_TRAIT' , 				'GA_MINOR_CIV_INDUSTRIAL_LARGEST_NONSUZERAIN_TIER3_DISTRICTS_PRODUCTION'),	
('MINOR_CIV_INDUSTRIAL_TRAIT' , 				'GA_MINOR_CIV_INDUSTRIAL_LARGEST_SUZERAIN_TIER3_DISTRICTS_PRODUCTION');
--t3 religious buildings
INSERT OR REPLACE INTO TraitModifiers
(TraitType,										ModifierId) SELECT
'MINOR_CIV_RELIGIOUS_TRAIT',					'GA_MINOR_CIV_RELIGIOUS_LARGEST_NONSUZERAIN_'||BuildingType||'_YIELD_FAITH'		FROM Buildings WHERE EnabledByReligion=1 AND PrereqDistrict='DISTRICT_HOLY_SITE';
INSERT OR REPLACE INTO TraitModifiers
(TraitType,										ModifierId) SELECT
'MINOR_CIV_RELIGIOUS_TRAIT',					'GA_MINOR_CIV_RELIGIOUS_LARGEST_SUZERAIN_'||BuildingType||'_YIELD_FAITH'		FROM Buildings WHERE EnabledByReligion=1 AND PrereqDistrict='DISTRICT_HOLY_SITE';

--DLC
INSERT OR REPLACE INTO TraitModifiers		(TraitType, ModifierId)
SELECT	'MINOR_CIV_SCIENTIFIC_TRAIT', 	'GA_MINOR_CIV_SCIENTIFIC_MEDIUM_NONSUZERAIN_DISTRICT_DIPLOMATIC_QUARTER_YIELD_SCIENCE' WHERE EXISTS (SELECT * FROM Buildings WHERE BuildingType = 'BUILDING_CONSULATE');
INSERT OR REPLACE INTO TraitModifiers		(TraitType, ModifierId)
SELECT	'MINOR_CIV_SCIENTIFIC_TRAIT', 	'GA_MINOR_CIV_SCIENTIFIC_MEDIUM_SUZERAIN_DISTRICT_DIPLOMATIC_QUARTER_YIELD_SCIENCE' WHERE EXISTS (SELECT * FROM Buildings WHERE BuildingType = 'BUILDING_CONSULATE');
INSERT OR REPLACE INTO TraitModifiers		(TraitType, ModifierId)
SELECT	'MINOR_CIV_SCIENTIFIC_TRAIT', 	'GA_MINOR_CIV_SCIENTIFIC_LARGE_NONSUZERAIN_BUILDING_CONSULATE_YIELD_SCIENCE' WHERE EXISTS (SELECT * FROM Buildings WHERE BuildingType = 'BUILDING_CONSULATE');
INSERT OR REPLACE INTO TraitModifiers		(TraitType, ModifierId)
SELECT	'MINOR_CIV_SCIENTIFIC_TRAIT', 	'GA_MINOR_CIV_SCIENTIFIC_LARGE_SUZERAIN_BUILDING_CONSULATE_YIELD_SCIENCE' WHERE EXISTS (SELECT * FROM Buildings WHERE BuildingType = 'BUILDING_CONSULATE');
INSERT OR REPLACE INTO TraitModifiers		(TraitType, ModifierId)
SELECT	'MINOR_CIV_SCIENTIFIC_TRAIT', 	'GA_MINOR_CIV_SCIENTIFIC_LARGEST_NONSUZERAIN_BUILDING_CHANCERY_YIELD_SCIENCE' WHERE EXISTS (SELECT * FROM Buildings WHERE BuildingType = 'BUILDING_CONSULATE');
INSERT OR REPLACE INTO TraitModifiers		(TraitType, ModifierId)
SELECT	'MINOR_CIV_SCIENTIFIC_TRAIT', 	'GA_MINOR_CIV_SCIENTIFIC_LARGEST_SUZERAIN_BUILDING_CHANCERY_YIELD_SCIENCE' WHERE EXISTS (SELECT * FROM Buildings WHERE BuildingType = 'BUILDING_CONSULATE');

INSERT OR REPLACE INTO TraitModifiers		(TraitType, ModifierId)
SELECT	'MINOR_CIV_CULTURAL_TRAIT', 	'GA_MINOR_CIV_CULTURAL_MEDIUM_NONSUZERAIN_DISTRICT_DIPLOMATIC_QUARTER_YIELD_CULTURE' WHERE EXISTS (SELECT * FROM Buildings WHERE BuildingType = 'BUILDING_CONSULATE');
INSERT OR REPLACE INTO TraitModifiers		(TraitType, ModifierId)
SELECT	'MINOR_CIV_CULTURAL_TRAIT', 	'GA_MINOR_CIV_CULTURAL_MEDIUM_SUZERAIN_DISTRICT_DIPLOMATIC_QUARTER_YIELD_CULTURE' WHERE EXISTS (SELECT * FROM Buildings WHERE BuildingType = 'BUILDING_CONSULATE');
INSERT OR REPLACE INTO TraitModifiers		(TraitType, ModifierId)
SELECT	'MINOR_CIV_CULTURAL_TRAIT', 	'GA_MINOR_CIV_CULTURAL_LARGE_NONSUZERAIN_BUILDING_CONSULATE_YIELD_CULTURE' WHERE EXISTS (SELECT * FROM Buildings WHERE BuildingType = 'BUILDING_CONSULATE');
INSERT OR REPLACE INTO TraitModifiers		(TraitType, ModifierId)
SELECT	'MINOR_CIV_CULTURAL_TRAIT', 	'GA_MINOR_CIV_CULTURAL_LARGE_SUZERAIN_BUILDING_CONSULATE_YIELD_CULTURE' WHERE EXISTS (SELECT * FROM Buildings WHERE BuildingType = 'BUILDING_CONSULATE');
INSERT OR REPLACE INTO TraitModifiers		(TraitType, ModifierId)
SELECT	'MINOR_CIV_CULTURAL_TRAIT', 	'GA_MINOR_CIV_CULTURAL_LARGEST_NONSUZERAIN_BUILDING_CHANCERY_YIELD_CULTURE' WHERE EXISTS (SELECT * FROM Buildings WHERE BuildingType = 'BUILDING_CONSULATE');
INSERT OR REPLACE INTO TraitModifiers		(TraitType, ModifierId)
SELECT	'MINOR_CIV_CULTURAL_TRAIT', 	'GA_MINOR_CIV_CULTURAL_LARGEST_SUZERAIN_BUILDING_CHANCERY_YIELD_CULTURE' WHERE EXISTS (SELECT * FROM Buildings WHERE BuildingType = 'BUILDING_CONSULATE');

INSERT OR REPLACE INTO TraitModifiers		(TraitType, ModifierId)
SELECT	'MINOR_CIV_TRADE_TRAIT', 		'GA_MINOR_CIV_TRADE_MEDIUM_NONSUZERAIN_DISTRICT_DIPLOMATIC_QUARTER_YIELD_GOLD' WHERE EXISTS (SELECT * FROM Buildings WHERE BuildingType = 'BUILDING_CONSULATE');
INSERT OR REPLACE INTO TraitModifiers		(TraitType, ModifierId)
SELECT	'MINOR_CIV_TRADE_TRAIT', 		'GA_MINOR_CIV_TRADE_MEDIUM_SUZERAIN_DISTRICT_DIPLOMATIC_QUARTER_YIELD_GOLD' WHERE EXISTS (SELECT * FROM Buildings WHERE BuildingType = 'BUILDING_CONSULATE');
INSERT OR REPLACE INTO TraitModifiers		(TraitType, ModifierId)
SELECT	'MINOR_CIV_TRADE_TRAIT', 		'GA_MINOR_CIV_TRADE_LARGE_NONSUZERAIN_BUILDING_CONSULATE_YIELD_GOLD' WHERE EXISTS (SELECT * FROM Buildings WHERE BuildingType = 'BUILDING_CONSULATE');
INSERT OR REPLACE INTO TraitModifiers		(TraitType, ModifierId)
SELECT	'MINOR_CIV_TRADE_TRAIT', 		'GA_MINOR_CIV_TRADE_LARGE_SUZERAIN_BUILDING_CONSULATE_YIELD_GOLD' WHERE EXISTS (SELECT * FROM Buildings WHERE BuildingType = 'BUILDING_CONSULATE');
INSERT OR REPLACE INTO TraitModifiers		(TraitType, ModifierId)
SELECT	'MINOR_CIV_TRADE_TRAIT', 		'GA_MINOR_CIV_TRADE_LARGEST_NONSUZERAIN_BUILDING_CHANCERY_YIELD_GOLD' WHERE EXISTS (SELECT * FROM Buildings WHERE BuildingType = 'BUILDING_CONSULATE');
INSERT OR REPLACE INTO TraitModifiers		(TraitType, ModifierId)
SELECT	'MINOR_CIV_TRADE_TRAIT', 		'GA_MINOR_CIV_TRADE_LARGEST_SUZERAIN_BUILDING_CHANCERY_YIELD_GOLD' WHERE EXISTS (SELECT * FROM Buildings WHERE BuildingType = 'BUILDING_CONSULATE');

INSERT OR REPLACE INTO TraitModifiers		(TraitType, ModifierId)
SELECT	'MINOR_CIV_RELIGIOUS_TRAIT', 	'GA_MINOR_CIV_RELIGIOUS_MEDIUM_NONSUZERAIN_DISTRICT_DIPLOMATIC_QUARTER_YIELD_FAITH' WHERE EXISTS (SELECT * FROM Buildings WHERE BuildingType = 'BUILDING_CONSULATE');
INSERT OR REPLACE INTO TraitModifiers		(TraitType, ModifierId)
SELECT	'MINOR_CIV_RELIGIOUS_TRAIT', 	'GA_MINOR_CIV_RELIGIOUS_MEDIUM_SUZERAIN_DISTRICT_DIPLOMATIC_QUARTER_YIELD_FAITH' WHERE EXISTS (SELECT * FROM Buildings WHERE BuildingType = 'BUILDING_CONSULATE');
INSERT OR REPLACE INTO TraitModifiers		(TraitType, ModifierId)
SELECT	'MINOR_CIV_RELIGIOUS_TRAIT', 	'GA_MINOR_CIV_RELIGIOUS_LARGE_NONSUZERAIN_BUILDING_CONSULATE_YIELD_FAITH' WHERE EXISTS (SELECT * FROM Buildings WHERE BuildingType = 'BUILDING_CONSULATE');
INSERT OR REPLACE INTO TraitModifiers		(TraitType, ModifierId)
SELECT	'MINOR_CIV_RELIGIOUS_TRAIT', 	'GA_MINOR_CIV_RELIGIOUS_LARGE_SUZERAIN_BUILDING_CONSULATE_YIELD_FAITH' WHERE EXISTS (SELECT * FROM Buildings WHERE BuildingType = 'BUILDING_CONSULATE');
INSERT OR REPLACE INTO TraitModifiers		(TraitType, ModifierId)
SELECT	'MINOR_CIV_RELIGIOUS_TRAIT', 	'GA_MINOR_CIV_RELIGIOUS_LARGEST_NONSUZERAIN_BUILDING_CHANCERY_YIELD_FAITH' WHERE EXISTS (SELECT * FROM Buildings WHERE BuildingType = 'BUILDING_CONSULATE');
INSERT OR REPLACE INTO TraitModifiers		(TraitType, ModifierId)
SELECT	'MINOR_CIV_RELIGIOUS_TRAIT', 	'GA_MINOR_CIV_RELIGIOUS_LARGEST_SUZERAIN_BUILDING_CHANCERY_YIELD_FAITH' WHERE EXISTS (SELECT * FROM Buildings WHERE BuildingType = 'BUILDING_CONSULATE');

INSERT OR REPLACE INTO TraitModifiers		(TraitType, ModifierId)
SELECT	'MINOR_CIV_MILITARISTIC_TRAIT', 'GA_MINOR_CIV_MILITARISTIC_MEDIUM_NONSUZERAIN_DISTRICT_DIPLOMATIC_QUARTER_UNITS_PRODUCTION' WHERE EXISTS (SELECT * FROM Buildings WHERE BuildingType = 'BUILDING_CONSULATE');
INSERT OR REPLACE INTO TraitModifiers		(TraitType, ModifierId)
SELECT	'MINOR_CIV_MILITARISTIC_TRAIT', 'GA_MINOR_CIV_MILITARISTIC_MEDIUM_SUZERAIN_DISTRICT_DIPLOMATIC_QUARTER_UNITS_PRODUCTION' WHERE EXISTS (SELECT * FROM Buildings WHERE BuildingType = 'BUILDING_CONSULATE');
INSERT OR REPLACE INTO TraitModifiers		(TraitType, ModifierId)
SELECT	'MINOR_CIV_MILITARISTIC_TRAIT', 'GA_MINOR_CIV_MILITARISTIC_LARGE_NONSUZERAIN_BUILDING_CONSULATE_UNITS_PRODUCTION' WHERE EXISTS (SELECT * FROM Buildings WHERE BuildingType = 'BUILDING_CONSULATE');
INSERT OR REPLACE INTO TraitModifiers		(TraitType, ModifierId)
SELECT	'MINOR_CIV_MILITARISTIC_TRAIT', 'GA_MINOR_CIV_MILITARISTIC_LARGE_SUZERAIN_BUILDING_CONSULATE_UNITS_PRODUCTION' WHERE EXISTS (SELECT * FROM Buildings WHERE BuildingType = 'BUILDING_CONSULATE');
INSERT OR REPLACE INTO TraitModifiers		(TraitType, ModifierId)
SELECT	'MINOR_CIV_MILITARISTIC_TRAIT', 'GA_MINOR_CIV_MILITARISTIC_LARGEST_NONSUZERAIN_BUILDING_CHANCERY_UNITS_PRODUCTION' WHERE EXISTS (SELECT * FROM Buildings WHERE BuildingType = 'BUILDING_CONSULATE');
INSERT OR REPLACE INTO TraitModifiers		(TraitType, ModifierId)
SELECT	'MINOR_CIV_MILITARISTIC_TRAIT', 'GA_MINOR_CIV_MILITARISTIC_LARGEST_SUZERAIN_BUILDING_CHANCERY_UNITS_PRODUCTION' WHERE EXISTS (SELECT * FROM Buildings WHERE BuildingType = 'BUILDING_CONSULATE');

INSERT OR REPLACE INTO TraitModifiers		(TraitType, ModifierId)
SELECT	'MINOR_CIV_INDUSTRIAL_TRAIT', 	'GA_MINOR_CIV_INDUSTRIAL_MEDIUM_NONSUZERAIN_DISTRICT_DIPLOMATIC_QUARTER_BUILDINGS_PRODUCTION' WHERE EXISTS (SELECT * FROM Buildings WHERE BuildingType = 'BUILDING_CONSULATE');
INSERT OR REPLACE INTO TraitModifiers		(TraitType, ModifierId)
SELECT	'MINOR_CIV_INDUSTRIAL_TRAIT', 	'GA_MINOR_CIV_INDUSTRIAL_MEDIUM_SUZERAIN_DISTRICT_DIPLOMATIC_QUARTER_BUILDINGS_PRODUCTION' WHERE EXISTS (SELECT * FROM Buildings WHERE BuildingType = 'BUILDING_CONSULATE');
INSERT OR REPLACE INTO TraitModifiers		(TraitType, ModifierId)
SELECT	'MINOR_CIV_INDUSTRIAL_TRAIT', 	'GA_MINOR_CIV_INDUSTRIAL_LARGE_NONSUZERAIN_BUILDING_CONSULATE_BUILDINGS_PRODUCTION' WHERE EXISTS (SELECT * FROM Buildings WHERE BuildingType = 'BUILDING_CONSULATE');
INSERT OR REPLACE INTO TraitModifiers		(TraitType, ModifierId)
SELECT	'MINOR_CIV_INDUSTRIAL_TRAIT', 	'GA_MINOR_CIV_INDUSTRIAL_LARGE_SUZERAIN_BUILDING_CONSULATE_BUILDINGS_PRODUCTION' WHERE EXISTS (SELECT * FROM Buildings WHERE BuildingType = 'BUILDING_CONSULATE');
INSERT OR REPLACE INTO TraitModifiers		(TraitType, ModifierId)
SELECT	'MINOR_CIV_INDUSTRIAL_TRAIT', 	'GA_MINOR_CIV_INDUSTRIAL_LARGEST_NONSUZERAIN_BUILDING_CHANCERY_BUILDINGS_PRODUCTION' WHERE EXISTS (SELECT * FROM Buildings WHERE BuildingType = 'BUILDING_CONSULATE');
INSERT OR REPLACE INTO TraitModifiers		(TraitType, ModifierId)
SELECT	'MINOR_CIV_INDUSTRIAL_TRAIT', 	'GA_MINOR_CIV_INDUSTRIAL_LARGEST_SUZERAIN_BUILDING_CHANCERY_BUILDINGS_PRODUCTION' WHERE EXISTS (SELECT * FROM Buildings WHERE BuildingType = 'BUILDING_CONSULATE');

INSERT OR REPLACE INTO TraitModifiers		(TraitType, ModifierId)
SELECT	'MINOR_CIV_INDUSTRIAL_TRAIT', 	'GA_MINOR_CIV_INDUSTRIAL_MEDIUM_NONSUZERAIN_DISTRICT_DIPLOMATIC_QUARTER_DISTRICTS_PRODUCTION' WHERE EXISTS (SELECT * FROM Buildings WHERE BuildingType = 'BUILDING_CONSULATE');
INSERT OR REPLACE INTO TraitModifiers		(TraitType, ModifierId)
SELECT	'MINOR_CIV_INDUSTRIAL_TRAIT', 	'GA_MINOR_CIV_INDUSTRIAL_MEDIUM_SUZERAIN_DISTRICT_DIPLOMATIC_QUARTER_DISTRICTS_PRODUCTION' WHERE EXISTS (SELECT * FROM Buildings WHERE BuildingType = 'BUILDING_CONSULATE');
INSERT OR REPLACE INTO TraitModifiers		(TraitType, ModifierId)
SELECT	'MINOR_CIV_INDUSTRIAL_TRAIT', 	'GA_MINOR_CIV_INDUSTRIAL_LARGE_NONSUZERAIN_BUILDING_CONSULATE_DISTRICTS_PRODUCTION' WHERE EXISTS (SELECT * FROM Buildings WHERE BuildingType = 'BUILDING_CONSULATE');
INSERT OR REPLACE INTO TraitModifiers		(TraitType, ModifierId)
SELECT	'MINOR_CIV_INDUSTRIAL_TRAIT', 	'GA_MINOR_CIV_INDUSTRIAL_LARGE_SUZERAIN_BUILDING_CONSULATE_DISTRICTS_PRODUCTION' WHERE EXISTS (SELECT * FROM Buildings WHERE BuildingType = 'BUILDING_CONSULATE');
INSERT OR REPLACE INTO TraitModifiers		(TraitType, ModifierId)
SELECT	'MINOR_CIV_INDUSTRIAL_TRAIT', 	'GA_MINOR_CIV_INDUSTRIAL_LARGEST_NONSUZERAIN_BUILDING_CHANCERY_DISTRICTS_PRODUCTION' WHERE EXISTS (SELECT * FROM Buildings WHERE BuildingType = 'BUILDING_CONSULATE');
INSERT OR REPLACE INTO TraitModifiers		(TraitType, ModifierId)
SELECT	'MINOR_CIV_INDUSTRIAL_TRAIT', 	'GA_MINOR_CIV_TINDUSTRIAL_LARGEST_SUZERAIN_BUILDING_CHANCERY_DISTRICTS_PRODUCTION' WHERE EXISTS (SELECT * FROM Buildings WHERE BuildingType = 'BUILDING_CONSULATE');

--学院拓展
INSERT OR REPLACE INTO TraitModifiers		(TraitType, ModifierId)
SELECT	'MINOR_CIV_SCIENTIFIC_TRAIT', 		'GA_MINOR_CIV_SCIENTIFIC_MEDIUM_NONSUZERAIN_BUILDING_ALCHEMY_HOUSE_YIELD_SCIENCE' WHERE EXISTS (SELECT * FROM Buildings WHERE BuildingType = 'BUILDING_ALCHEMY_HOUSE');
INSERT OR REPLACE INTO TraitModifiers		(TraitType, ModifierId)
SELECT	'MINOR_CIV_SCIENTIFIC_TRAIT', 		'GA_MINOR_CIV_SCIENTIFIC_MEDIUM_SUZERAIN_BUILDING_ALCHEMY_HOUSE_YIELD_SCIENCE' WHERE EXISTS (SELECT * FROM Buildings WHERE BuildingType = 'BUILDING_ALCHEMY_HOUSE');
INSERT OR REPLACE INTO TraitModifiers		(TraitType, ModifierId)
SELECT	'MINOR_CIV_SCIENTIFIC_TRAIT', 		'GA_MINOR_CIV_SCIENTIFIC_MEDIUM_NONSUZERAIN_BUILDING_OBSERVATORY_YIELD_SCIENCE' WHERE EXISTS (SELECT * FROM Buildings WHERE BuildingType = 'BUILDING_OBSERVATORY');
INSERT OR REPLACE INTO TraitModifiers		(TraitType, ModifierId)
SELECT	'MINOR_CIV_SCIENTIFIC_TRAIT', 		'GA_MINOR_CIV_SCIENTIFIC_MEDIUM_SUZERAIN_BUILDING_OBSERVATORY_YIELD_SCIENCE' WHERE EXISTS (SELECT * FROM Buildings WHERE BuildingType = 'BUILDING_OBSERVATORY');
INSERT OR REPLACE INTO TraitModifiers		(TraitType, ModifierId)
SELECT	'MINOR_CIV_SCIENTIFIC_TRAIT', 		'GA_MINOR_CIV_SCIENTIFIC_LARGE_NONSUZERAIN_BUILDING_PUBLIC_SCHOOL_YIELD_SCIENCE' WHERE EXISTS (SELECT * FROM Buildings WHERE BuildingType = 'BUILDING_PUBLIC_SCHOOL');
INSERT OR REPLACE INTO TraitModifiers		(TraitType, ModifierId)
SELECT	'MINOR_CIV_SCIENTIFIC_TRAIT', 		'GA_MINOR_CIV_SCIENTIFIC_LARGE_SUZERAIN_BUILDING_PUBLIC_SCHOOL_YIELD_SCIENCE' WHERE EXISTS (SELECT * FROM Buildings WHERE BuildingType = 'BUILDING_PUBLIC_SCHOOL');
INSERT OR REPLACE INTO TraitModifiers		(TraitType, ModifierId)
SELECT	'MINOR_CIV_SCIENTIFIC_TRAIT', 		'GA_MINOR_CIV_SCIENTIFIC_LARGE_NONSUZERAIN_BUILDING_ACADEMIC_EXCHANGE_YIELD_SCIENCE' WHERE EXISTS (SELECT * FROM Buildings WHERE BuildingType = 'BUILDING_ACADEMIC_EXCHANGE');
INSERT OR REPLACE INTO TraitModifiers		(TraitType, ModifierId)
SELECT	'MINOR_CIV_SCIENTIFIC_TRAIT', 		'GA_MINOR_CIV_SCIENTIFIC_LARGE_SUZERAIN_BUILDING_ACADEMIC_EXCHANGE_YIELD_SCIENCE' WHERE EXISTS (SELECT * FROM Buildings WHERE BuildingType = 'BUILDING_ACADEMIC_EXCHANGE');
INSERT OR REPLACE INTO TraitModifiers		(TraitType, ModifierId)
SELECT	'MINOR_CIV_SCIENTIFIC_TRAIT', 		'GA_MINOR_CIV_SCIENTIFIC_LARGEST_NONSUZERAIN_BUILDING_BIOLOGY_LAB_YIELD_SCIENCE' WHERE EXISTS (SELECT * FROM Buildings WHERE BuildingType = 'BUILDING_BIOLOGY_LAB');
INSERT OR REPLACE INTO TraitModifiers		(TraitType, ModifierId)
SELECT	'MINOR_CIV_SCIENTIFIC_TRAIT', 		'GA_MINOR_CIV_SCIENTIFIC_LARGEST_SUZERAIN_BUILDING_BIOLOGY_LAB_YIELD_SCIENCE' WHERE EXISTS (SELECT * FROM Buildings WHERE BuildingType = 'BUILDING_BIOLOGY_LAB');
INSERT OR REPLACE INTO TraitModifiers		(TraitType, ModifierId)
SELECT	'MINOR_CIV_SCIENTIFIC_TRAIT', 		'GA_MINOR_CIV_SCIENTIFIC_LARGEST_NONSUZERAIN_BUILDING_CHEMISTRY_LAB_YIELD_SCIENCE' WHERE EXISTS (SELECT * FROM Buildings WHERE BuildingType = 'BUILDING_CHEMISTRY_LAB');
INSERT OR REPLACE INTO TraitModifiers		(TraitType, ModifierId)
SELECT	'MINOR_CIV_SCIENTIFIC_TRAIT', 		'GA_MINOR_CIV_SCIENTIFIC_LARGEST_SUZERAIN_BUILDING_CHEMISTRY_LAB_YIELD_SCIENCE' WHERE EXISTS (SELECT * FROM Buildings WHERE BuildingType = 'BUILDING_CHEMISTRY_LAB');
INSERT OR REPLACE INTO TraitModifiers		(TraitType, ModifierId)
SELECT	'MINOR_CIV_SCIENTIFIC_TRAIT', 		'GA_MINOR_CIV_SCIENTIFIC_LARGEST_NONSUZERAIN_BUILDING_ANIMAL_LAB_YIELD_SCIENCE' WHERE EXISTS (SELECT * FROM Buildings WHERE BuildingType = 'BUILDING_ANIMAL_LAB');
INSERT OR REPLACE INTO TraitModifiers		(TraitType, ModifierId)
SELECT	'MINOR_CIV_SCIENTIFIC_TRAIT', 		'GA_MINOR_CIV_SCIENTIFIC_LARGEST_SUZERAIN_BUILDING_ANIMAL_LAB_YIELD_SCIENCE' WHERE EXISTS (SELECT * FROM Buildings WHERE BuildingType = 'BUILDING_ANIMAL_LAB');
--商业拓展
INSERT OR REPLACE INTO TraitModifiers		(TraitType, ModifierId)
SELECT	'MINOR_CIV_TRADE_TRAIT', 		'GA_MINOR_CIV_TRADE_MEDIUM_NONSUZERAIN_BUILDING_MINT_YIELD_GOLD' WHERE EXISTS (SELECT * FROM Buildings WHERE BuildingType = 'BUILDING_MINT');
INSERT OR REPLACE INTO TraitModifiers		(TraitType, ModifierId)
SELECT	'MINOR_CIV_TRADE_TRAIT', 		'GA_MINOR_CIV_TRADE_MEDIUM_SUZERAIN_BUILDING_MINT_YIELD_GOLD' WHERE EXISTS (SELECT * FROM Buildings WHERE BuildingType = 'BUILDING_MINT');
INSERT OR REPLACE INTO TraitModifiers		(TraitType, ModifierId)
SELECT	'MINOR_CIV_TRADE_TRAIT', 		'GA_MINOR_CIV_TRADE_MEDIUM_NONSUZERAIN_BUILDING_POST_STATION_YIELD_GOLD' WHERE EXISTS (SELECT * FROM Buildings WHERE BuildingType = 'BUILDING_POST_STATION');
INSERT OR REPLACE INTO TraitModifiers		(TraitType, ModifierId)
SELECT	'MINOR_CIV_TRADE_TRAIT', 		'GA_MINOR_CIV_TRADE_MEDIUM_SUZERAIN_BUILDING_POST_STATION_YIELD_GOLD' WHERE EXISTS (SELECT * FROM Buildings WHERE BuildingType = 'BUILDING_POST_STATION');
INSERT OR REPLACE INTO TraitModifiers		(TraitType, ModifierId)
SELECT	'MINOR_CIV_TRADE_TRAIT', 		'GA_MINOR_CIV_TRADE_LARGE_NONSUZERAIN_BUILDING_TAX_BUREAU_YIELD_GOLD' WHERE EXISTS (SELECT * FROM Buildings WHERE BuildingType = 'BUILDING_TAX_BUREAU');
INSERT OR REPLACE INTO TraitModifiers		(TraitType, ModifierId)
SELECT	'MINOR_CIV_TRADE_TRAIT', 		'GA_MINOR_CIV_TRADE_LARGE_SUZERAIN_BUILDING_TAX_BUREAU_YIELD_GOLD' WHERE EXISTS (SELECT * FROM Buildings WHERE BuildingType = 'BUILDING_TAX_BUREAU');
INSERT OR REPLACE INTO TraitModifiers		(TraitType, ModifierId)
SELECT	'MINOR_CIV_TRADE_TRAIT', 		'GA_MINOR_CIV_TRADE_LARGE_NONSUZERAIN_BUILDING_COMMERCIAL_YIELD_GOLD' WHERE EXISTS (SELECT * FROM Buildings WHERE BuildingType = 'BUILDING_COMMERCIAL');
INSERT OR REPLACE INTO TraitModifiers		(TraitType, ModifierId)
SELECT	'MINOR_CIV_TRADE_TRAIT', 		'GA_MINOR_CIV_TRADE_LARGE_SUZERAIN_BUILDING_COMMERCIAL_YIELD_GOLD' WHERE EXISTS (SELECT * FROM Buildings WHERE BuildingType = 'BUILDING_COMMERCIAL');
INSERT OR REPLACE INTO TraitModifiers		(TraitType, ModifierId)
SELECT	'MINOR_CIV_TRADE_TRAIT', 		'GA_MINOR_CIV_TRADE_LARGEST_NONSUZERAIN_BUILDING_URBAN_CONSTRUCTION_YIELD_GOLD' WHERE EXISTS (SELECT * FROM Buildings WHERE BuildingType = 'BUILDING_URBAN_CONSTRUCTION');
INSERT OR REPLACE INTO TraitModifiers		(TraitType, ModifierId)
SELECT	'MINOR_CIV_TRADE_TRAIT', 		'GA_MINOR_CIV_TRADE_LARGEST_SUZERAIN_BUILDING_URBAN_CONSTRUCTION_YIELD_GOLD' WHERE EXISTS (SELECT * FROM Buildings WHERE BuildingType = 'BUILDING_URBAN_CONSTRUCTION');
INSERT OR REPLACE INTO TraitModifiers		(TraitType, ModifierId)
SELECT	'MINOR_CIV_TRADE_TRAIT', 		'GA_MINOR_CIV_TRADE_LARGEST_NONSUZERAIN_BUILDING_MILITARY_CORP_YIELD_GOLD' WHERE EXISTS (SELECT * FROM Buildings WHERE BuildingType = 'BUILDING_MILITARY_CORP');
INSERT OR REPLACE INTO TraitModifiers		(TraitType, ModifierId)
SELECT	'MINOR_CIV_TRADE_TRAIT', 		'GA_MINOR_CIV_TRADE_LARGEST_SUZERAIN_BUILDING_MILITARY_CORP_YIELD_GOLD' WHERE EXISTS (SELECT * FROM Buildings WHERE BuildingType = 'BUILDING_MILITARY_CORP');
--剧院拓展
INSERT OR REPLACE INTO TraitModifiers		(TraitType, ModifierId)
SELECT	'MINOR_CIV_CULTURAL_TRAIT', 		'GA_MINOR_CIV_CULTURAL_MEDIUM_NONSUZERAIN_BUILDING_EPIC_THEATRE_YIELD_CULTURE' WHERE EXISTS (SELECT * FROM Buildings WHERE BuildingType = 'BUILDING_EPIC_THEATRE');
INSERT OR REPLACE INTO TraitModifiers		(TraitType, ModifierId)
SELECT	'MINOR_CIV_CULTURAL_TRAIT', 		'GA_MINOR_CIV_CULTURAL_MEDIUM_SUZERAIN_BUILDING_EPIC_THEATRE_YIELD_CULTURE' WHERE EXISTS (SELECT * FROM Buildings WHERE BuildingType = 'BUILDING_EPIC_THEATRE');
INSERT OR REPLACE INTO TraitModifiers		(TraitType, ModifierId)
SELECT	'MINOR_CIV_CULTURAL_TRAIT', 		'GA_MINOR_CIV_CULTURAL_MEDIUM_NONSUZERAIN_BUILDING_TAMPLE_STAGE_YIELD_CULTURE' WHERE EXISTS (SELECT * FROM Buildings WHERE BuildingType = 'BUILDING_TAMPLE_STAGE');
INSERT OR REPLACE INTO TraitModifiers		(TraitType, ModifierId)
SELECT	'MINOR_CIV_CULTURAL_TRAIT', 		'GA_MINOR_CIV_CULTURAL_MEDIUM_SUZERAIN_BUILDING_TAMPLE_STAGE_YIELD_CULTURE' WHERE EXISTS (SELECT * FROM Buildings WHERE BuildingType = 'BUILDING_TAMPLE_STAGE');
INSERT OR REPLACE INTO TraitModifiers		(TraitType, ModifierId)
SELECT	'MINOR_CIV_CULTURAL_TRAIT', 		'GA_MINOR_CIV_CULTURAL_LARGE_NONSUZERAIN_BUILDING_THERTERMUSEUM_YIELD_CULTURE' WHERE EXISTS (SELECT * FROM Buildings WHERE BuildingType = 'BUILDING_THERTERMUSEUM');
INSERT OR REPLACE INTO TraitModifiers		(TraitType, ModifierId)
SELECT	'MINOR_CIV_CULTURAL_TRAIT', 		'GA_MINOR_CIV_CULTURAL_LARGE_SUZERAIN_BUILDING_THERTERMUSEUM_YIELD_CULTURE' WHERE EXISTS (SELECT * FROM Buildings WHERE BuildingType = 'BUILDING_THERTERMUSEUM');
INSERT OR REPLACE INTO TraitModifiers		(TraitType, ModifierId)
SELECT	'MINOR_CIV_CULTURAL_TRAIT', 		'GA_MINOR_CIV_CULTURAL_LARGE_NONSUZERAIN_BUILDING_LIBRARYMUSEUM_YIELD_CULTURE' WHERE EXISTS (SELECT * FROM Buildings WHERE BuildingType = 'BUILDING_LIBRARYMUSEUM');
INSERT OR REPLACE INTO TraitModifiers		(TraitType, ModifierId)
SELECT	'MINOR_CIV_CULTURAL_TRAIT', 		'GA_MINOR_CIV_CULTURAL_LARGE_SUZERAIN_BUILDING_LIBRARYMUSEUM_YIELD_CULTURE' WHERE EXISTS (SELECT * FROM Buildings WHERE BuildingType = 'BUILDING_LIBRARYMUSEUM');
INSERT OR REPLACE INTO TraitModifiers		(TraitType, ModifierId)
SELECT	'MINOR_CIV_CULTURAL_TRAIT', 		'GA_MINOR_CIV_CULTURAL_LARGEST_NONSUZERAIN_BUILDING_OPERA_HOUSE_YIELD_CULTURE' WHERE EXISTS (SELECT * FROM Buildings WHERE BuildingType = 'BUILDING_OPERA_HOUSE');
INSERT OR REPLACE INTO TraitModifiers		(TraitType, ModifierId)
SELECT	'MINOR_CIV_CULTURAL_TRAIT', 		'GA_MINOR_CIV_CULTURAL_LARGEST_SUZERAIN_BUILDING_OPERA_HOUSE_YIELD_CULTURE' WHERE EXISTS (SELECT * FROM Buildings WHERE BuildingType = 'BUILDING_OPERA_HOUSE');
INSERT OR REPLACE INTO TraitModifiers		(TraitType, ModifierId)
SELECT	'MINOR_CIV_CULTURAL_TRAIT', 		'GA_MINOR_CIV_CULTURAL_LARGEST_NONSUZERAIN_BUILDING_ART_ASSOCIATION_YIELD_CULTURE' WHERE EXISTS (SELECT * FROM Buildings WHERE BuildingType = 'BUILDING_ART_ASSOCIATION');
INSERT OR REPLACE INTO TraitModifiers		(TraitType, ModifierId)
SELECT	'MINOR_CIV_CULTURAL_TRAIT', 		'GA_MINOR_CIV_CULTURAL_LARGEST_SUZERAIN_BUILDING_ART_ASSOCIATION_YIELD_CULTURE' WHERE EXISTS (SELECT * FROM Buildings WHERE BuildingType = 'BUILDING_ART_ASSOCIATION');
INSERT OR REPLACE INTO TraitModifiers		(TraitType, ModifierId)
SELECT	'MINOR_CIV_CULTURAL_TRAIT', 		'GA_MINOR_CIV_CULTURAL_LARGEST_NONSUZERAIN_BUILDING_PHOTOSTUDIO_YIELD_CULTURE' WHERE EXISTS (SELECT * FROM Buildings WHERE BuildingType = 'BUILDING_PHOTOSTUDIO');
INSERT OR REPLACE INTO TraitModifiers		(TraitType, ModifierId)
SELECT	'MINOR_CIV_CULTURAL_TRAIT', 		'GA_MINOR_CIV_CULTURAL_LARGEST_SUZERAIN_BUILDING_PHOTOSTUDIO_YIELD_CULTURE' WHERE EXISTS (SELECT * FROM Buildings WHERE BuildingType = 'BUILDING_PHOTOSTUDIO');
--Modifiers
INSERT OR REPLACE INTO Modifiers
(ModifierId ,      ModifierType,								SubjectRequirementSetId) SELECT  
ModifierId,        'MODIFIER_ALL_PLAYERS_ATTACH_MODIFIER', 		'PLAYER_HAS_SMALL_INFLUENCE' 				FROM TraitModifiers WHERE ModifierId LIKE 'GA_MINOR_CIV_%' AND ModifierId LIKE '%_SMALL_NONSUZERAIN_%';
INSERT OR REPLACE INTO Modifiers
(ModifierId ,      ModifierType,								SubjectRequirementSetId) SELECT  
ModifierId,        'MODIFIER_ALL_PLAYERS_ATTACH_MODIFIER', 		'PLAYER_HAS_SMALL_INFLUENCE_IS_SUZERAIN' 	FROM TraitModifiers WHERE ModifierId LIKE 'GA_MINOR_CIV_%' AND ModifierId LIKE '%_SMALL_SUZERAIN_%';
INSERT OR REPLACE INTO Modifiers
(ModifierId ,      ModifierType,								SubjectRequirementSetId) SELECT  
ModifierId,        'MODIFIER_ALL_PLAYERS_ATTACH_MODIFIER', 		'PLAYER_HAS_MEDIUM_INFLUENCE' 				FROM TraitModifiers WHERE ModifierId LIKE 'GA_MINOR_CIV_%' AND ModifierId LIKE '%_MEDIUM_NONSUZERAIN_%';
INSERT OR REPLACE INTO Modifiers
(ModifierId ,      ModifierType,								SubjectRequirementSetId) SELECT  
ModifierId,        'MODIFIER_ALL_PLAYERS_ATTACH_MODIFIER', 		'PLAYER_HAS_MEDIUM_INFLUENCE_IS_SUZERAIN' 	FROM TraitModifiers WHERE ModifierId LIKE 'GA_MINOR_CIV_%' AND ModifierId LIKE '%_MEDIUM_SUZERAIN_%';
INSERT OR REPLACE INTO Modifiers
(ModifierId ,      ModifierType,								SubjectRequirementSetId) SELECT  
ModifierId,        'MODIFIER_ALL_PLAYERS_ATTACH_MODIFIER', 		'PLAYER_HAS_LARGE_INFLUENCE' 				FROM TraitModifiers WHERE ModifierId LIKE 'GA_MINOR_CIV_%' AND ModifierId LIKE '%_LARGE_NONSUZERAIN_%';
INSERT OR REPLACE INTO Modifiers
(ModifierId ,      ModifierType,								SubjectRequirementSetId) SELECT  
ModifierId,        'MODIFIER_ALL_PLAYERS_ATTACH_MODIFIER', 		'PLAYER_HAS_LARGE_INFLUENCE_IS_SUZERAIN' 	FROM TraitModifiers WHERE ModifierId LIKE 'GA_MINOR_CIV_%' AND ModifierId LIKE '%_LARGE_SUZERAIN_%';
INSERT OR REPLACE INTO Modifiers
(ModifierId ,      ModifierType,								SubjectRequirementSetId) SELECT  
ModifierId,        'MODIFIER_ALL_PLAYERS_ATTACH_MODIFIER', 		'PLAYER_HAS_LARGEST_INFLUENCE' 				FROM TraitModifiers WHERE ModifierId LIKE 'GA_MINOR_CIV_%' AND ModifierId LIKE '%_LARGEST_NONSUZERAIN_%';
INSERT OR REPLACE INTO Modifiers
(ModifierId ,      ModifierType,								SubjectRequirementSetId) SELECT  
ModifierId,        'MODIFIER_ALL_PLAYERS_ATTACH_MODIFIER', 		'PLAYER_HAS_LARGEST_INFLUENCE_IS_SUZERAIN' 	FROM TraitModifiers WHERE ModifierId LIKE 'GA_MINOR_CIV_%' AND ModifierId LIKE '%_LARGEST_SUZERAIN_%';

--ModifierArguments
INSERT OR REPLACE INTO ModifierArguments
(ModifierId ,     	Name,		 	Value) SELECT 
ModifierId, 		'ModifierId', 	ModifierId|| '_MODIFIER' FROM TraitModifiers WHERE ModifierId LIKE 'GA_MINOR_CIV_%';

--Modifiers YIELD_CHANGE
INSERT OR REPLACE INTO Modifiers
(ModifierId ,      ModifierType,												SubjectRequirementSetId) SELECT  
ModifierId|| '_MODIFIER',        	'MODIFIER_PLAYER_CAPITAL_CITY_ADJUST_CITY_YIELD_CHANGE', 	NULL FROM TraitModifiers WHERE ModifierId LIKE 'GA_MINOR_CIV_%' AND ModifierId LIKE '%_CAPITAL_%';
INSERT OR REPLACE INTO Modifiers
(ModifierId ,      ModifierType,												SubjectRequirementSetId) SELECT  
ModifierId|| '_MODIFIER',        	'MODIFIER_PLAYER_CITIES_ADJUST_BUILDING_YIELD_CHANGE', 		NULL FROM TraitModifiers WHERE ModifierId LIKE 'GA_MINOR_CIV_%' AND ModifierId LIKE '%_BUILDING_%';
INSERT OR REPLACE INTO Modifiers
(ModifierId ,      					ModifierType,											SubjectRequirementSetId) SELECT  
ModifierId|| '_MODIFIER',        	'MODIFIER_PLAYER_DISTRICTS_ADJUST_YIELD_CHANGE', 		'DISTRICT_IS_CAMPUS' 
FROM TraitModifiers WHERE ModifierId LIKE 'GA_MINOR_CIV_%' AND ModifierId LIKE '%_DISTRICT_CAMPUS_YIELD_%';
INSERT OR REPLACE INTO Modifiers
(ModifierId ,      					ModifierType,											SubjectRequirementSetId) SELECT  
ModifierId|| '_MODIFIER',        	'MODIFIER_PLAYER_DISTRICTS_ADJUST_YIELD_CHANGE', 		'DISTRICT_IS_HOLY_SITE' 
FROM TraitModifiers WHERE ModifierId LIKE 'GA_MINOR_CIV_%' AND ModifierId LIKE '%_DISTRICT_HOLY_SITE_YIELD_%';
INSERT OR REPLACE INTO Modifiers
(ModifierId ,      					ModifierType,											SubjectRequirementSetId) SELECT  
ModifierId|| '_MODIFIER',        	'MODIFIER_PLAYER_DISTRICTS_ADJUST_YIELD_CHANGE', 		'DISTRICT_IS_COMMERCIAL_HUB' 
FROM TraitModifiers WHERE ModifierId LIKE 'GA_MINOR_CIV_%' AND ModifierId LIKE '%_DISTRICT_COMMERCIAL_HUB_YIELD_%';
INSERT OR REPLACE INTO Modifiers
(ModifierId ,      					ModifierType,											SubjectRequirementSetId) SELECT  
ModifierId|| '_MODIFIER',        	'MODIFIER_PLAYER_DISTRICTS_ADJUST_YIELD_CHANGE', 		'DISTRICT_IS_THEATER' 
FROM TraitModifiers WHERE ModifierId LIKE 'GA_MINOR_CIV_%' AND ModifierId LIKE '%_DISTRICT_THEATER_YIELD_%';
INSERT OR REPLACE INTO Modifiers
(ModifierId ,      					ModifierType,											SubjectRequirementSetId) SELECT  
ModifierId|| '_MODIFIER',        	'MODIFIER_PLAYER_DISTRICTS_ADJUST_YIELD_CHANGE', 		'DISTRICT_IS_HARBOR' 
FROM TraitModifiers WHERE ModifierId LIKE 'GA_MINOR_CIV_%' AND ModifierId LIKE '%_DISTRICT_HARBOR_YIELD_%';
INSERT OR REPLACE INTO Modifiers
(ModifierId ,      					ModifierType,											SubjectRequirementSetId) SELECT  
ModifierId|| '_MODIFIER',        	'MODIFIER_PLAYER_DISTRICTS_ADJUST_YIELD_CHANGE', 		'GOLDEN_DISTRICT_IS_DISTRICT_DIPLOMATIC_QUARTER_REQUIREMENTS' 
FROM TraitModifiers WHERE ModifierId LIKE 'GA_MINOR_CIV_%' AND ModifierId LIKE '%_DISTRICT_DIPLOMATIC_QUARTER_YIELD_%' AND EXISTS (SELECT * FROM Buildings WHERE BuildingType = 'BUILDING_CONSULATE');
--Modifiers UNIT_PRODUCTION  BUILDING_PRODUCTION  DISTRICT_PRODUCTION
INSERT OR REPLACE INTO Modifiers
(ModifierId ,      					ModifierType,											SubjectRequirementSetId) SELECT  
ModifierId|| '_MODIFIER',        	'MODIFIER_PLAYER_CAPITAL_CITY_ADJUST_UNIT_PRODUCTION', 				NULL
FROM TraitModifiers WHERE ModifierId LIKE 'GA_MINOR_CIV_%' AND ModifierId LIKE '%_CAPITAL_UNITS_%';
INSERT OR REPLACE INTO Modifiers
(ModifierId ,      					ModifierType,											SubjectRequirementSetId) SELECT  
ModifierId|| '_MODIFIER',        	'MODIFIER_PLAYER_DISTRICTS_ADJUST_UNIT_PRODUCTION', 				'DISTRICT_IS_ENCAMPMENT' 
FROM TraitModifiers WHERE ModifierId LIKE 'GA_MINOR_CIV_%' AND ModifierId LIKE '%_DISTRICT_ENCAMPMENT_UNITS_%';
INSERT OR REPLACE INTO Modifiers
(ModifierId ,      					ModifierType,											SubjectRequirementSetId) SELECT  
ModifierId|| '_MODIFIER',        	'MODIFIER_PLAYER_CITIES_ADJUST_UNIT_PRODUCTION_CHANGE', 			'BUILDING_IS_BARRACKS_STABLE_MILITARITIC_CITY_STATE'
FROM TraitModifiers WHERE ModifierId LIKE 'GA_MINOR_CIV_%' AND ModifierId LIKE '%_TIER1_UNITS_%';
INSERT OR REPLACE INTO Modifiers
(ModifierId ,      					ModifierType,											SubjectRequirementSetId) SELECT  
ModifierId|| '_MODIFIER',        	'MODIFIER_PLAYER_CITIES_ADJUST_UNIT_PRODUCTION_CHANGE', 			'GOLDEN_CITY_HAS_BUILDING_ARMORY_REQUIREMENTS'
FROM TraitModifiers WHERE ModifierId LIKE 'GA_MINOR_CIV_%' AND ModifierId LIKE '%_TIER2_UNITS_%';
INSERT OR REPLACE INTO Modifiers
(ModifierId ,      					ModifierType,											SubjectRequirementSetId) SELECT  
ModifierId|| '_MODIFIER',        	'MODIFIER_PLAYER_CITIES_ADJUST_UNIT_PRODUCTION_CHANGE', 			'GOLDEN_CITY_HAS_BUILDING_MILITARY_ACADEMY_REQUIREMENTS'
FROM TraitModifiers WHERE ModifierId LIKE 'GA_MINOR_CIV_%' AND ModifierId LIKE '%_TIER3_UNITS_%';

INSERT OR REPLACE INTO Modifiers
(ModifierId ,      					ModifierType,											SubjectRequirementSetId) SELECT  
ModifierId|| '_MODIFIER',        	'MODIFIER_PLAYER_CAPITAL_CITY_ADJUST_BUILDING_PRODUCTION', 			NULL
FROM TraitModifiers WHERE ModifierId LIKE 'GA_MINOR_CIV_%' AND ModifierId LIKE '%_CAPITAL_BUILDINGS_%';
INSERT OR REPLACE INTO Modifiers
(ModifierId ,      					ModifierType,											SubjectRequirementSetId) SELECT  
ModifierId|| '_MODIFIER',        	'MODIFIER_PLAYER_DISTRICTS_ADJUST_BUILDING_PRODUCTION', 			'DISTRICT_IS_INDUSTRIAL_ZONE' 
FROM TraitModifiers WHERE ModifierId LIKE 'GA_MINOR_CIV_%' AND ModifierId LIKE '%_DISTRICT_INDUSTRIAL_ZONE_BUILDINGS_%';
INSERT OR REPLACE INTO Modifiers
(ModifierId ,      					ModifierType,											SubjectRequirementSetId) SELECT  
ModifierId|| '_MODIFIER',        	'MODIFIER_PLAYER_CITIES_ADJUST_BUILDING_PRODUCTION_CHANGE', 		'GOLDEN_CITY_HAS_DISTRICT_INDUSTRIAL_ZONE_T1_BUILDING_REQUIREMENTS'
FROM TraitModifiers WHERE ModifierId LIKE 'GA_MINOR_CIV_%' AND ModifierId LIKE '%_TIER1_BUILDINGS_%';
INSERT OR REPLACE INTO Modifiers
(ModifierId ,      					ModifierType,											SubjectRequirementSetId) SELECT  
ModifierId|| '_MODIFIER',        	'MODIFIER_PLAYER_CITIES_ADJUST_BUILDING_PRODUCTION_CHANGE', 		'GOLDEN_CITY_HAS_DISTRICT_INDUSTRIAL_ZONE_T2_BUILDING_REQUIREMENTS'
FROM TraitModifiers WHERE ModifierId LIKE 'GA_MINOR_CIV_%' AND ModifierId LIKE '%_TIER2_BUILDINGS_%';
INSERT OR REPLACE INTO Modifiers
(ModifierId ,      					ModifierType,											SubjectRequirementSetId) SELECT  
ModifierId|| '_MODIFIER',        	'MODIFIER_PLAYER_CITIES_ADJUST_BUILDING_PRODUCTION_CHANGE', 		'GOLDEN_CITY_HAS_DISTRICT_INDUSTRIAL_ZONE_T3_BUILDING_REQUIREMENTS'
FROM TraitModifiers WHERE ModifierId LIKE 'GA_MINOR_CIV_%' AND ModifierId LIKE '%_TIER3_BUILDINGS_%';

INSERT OR REPLACE INTO Modifiers
(ModifierId ,      					ModifierType,											SubjectRequirementSetId) SELECT  
ModifierId|| '_MODIFIER',        	'MODIFIER_PLAYER_CAPITAL_CITY_ADJUST_DISTRICT_PRODUCTION', 			NULL
FROM TraitModifiers WHERE ModifierId LIKE 'GA_MINOR_CIV_%' AND ModifierId LIKE '%_CAPITAL_DISTRICTS_%';
INSERT OR REPLACE INTO Modifiers
(ModifierId ,      					ModifierType,											SubjectRequirementSetId) SELECT  
ModifierId|| '_MODIFIER',        	'MODIFIER_PLAYER_DISTRICTS_ADJUST_DISTRICT_PRODUCTION', 			'DISTRICT_IS_INDUSTRIAL_ZONE' 
FROM TraitModifiers WHERE ModifierId LIKE 'GA_MINOR_CIV_%' AND ModifierId LIKE '%_DISTRICT_INDUSTRIAL_ZONE_DISTRICTS_%';
INSERT OR REPLACE INTO Modifiers
(ModifierId ,      					ModifierType,											SubjectRequirementSetId) SELECT  
ModifierId|| '_MODIFIER',        	'MODIFIER_PLAYER_CITIES_ADJUST_DISTRICT_PRODUCTION_CHANGE', 		'GOLDEN_CITY_HAS_DISTRICT_INDUSTRIAL_ZONE_T1_BUILDING_REQUIREMENTS'
FROM TraitModifiers WHERE ModifierId LIKE 'GA_MINOR_CIV_%' AND ModifierId LIKE '%_TIER1_DISTRICTS_%';
INSERT OR REPLACE INTO Modifiers
(ModifierId ,      					ModifierType,											SubjectRequirementSetId) SELECT  
ModifierId|| '_MODIFIER',        	'MODIFIER_PLAYER_CITIES_ADJUST_DISTRICT_PRODUCTION_CHANGE', 		'GOLDEN_CITY_HAS_DISTRICT_INDUSTRIAL_ZONE_T2_BUILDING_REQUIREMENTS'
FROM TraitModifiers WHERE ModifierId LIKE 'GA_MINOR_CIV_%' AND ModifierId LIKE '%_TIER2_DISTRICTS_%';
INSERT OR REPLACE INTO Modifiers
(ModifierId ,      					ModifierType,											SubjectRequirementSetId) SELECT  
ModifierId|| '_MODIFIER',        	'MODIFIER_PLAYER_CITIES_ADJUST_DISTRICT_PRODUCTION_CHANGE', 		'GOLDEN_CITY_HAS_DISTRICT_INDUSTRIAL_ZONE_T3_BUILDING_REQUIREMENTS'
FROM TraitModifiers WHERE ModifierId LIKE 'GA_MINOR_CIV_%' AND ModifierId LIKE '%_TIER3_DISTRICTS_%';

--DLC
INSERT OR REPLACE INTO Modifiers
(ModifierId ,      					ModifierType,											SubjectRequirementSetId) SELECT  
ModifierId|| '_MODIFIER',        	'MODIFIER_PLAYER_DISTRICTS_ADJUST_BUILDING_PRODUCTION', 		'GOLDEN_DISTRICT_IS_DISTRICT_DIPLOMATIC_QUARTER_REQUIREMENTS' 
FROM TraitModifiers WHERE ModifierId LIKE 'GA_MINOR_CIV_%' AND ModifierId LIKE '%_DISTRICT_DIPLOMATIC_QUARTER_BUILDINGS_%' AND EXISTS (SELECT * FROM Buildings WHERE BuildingType = 'BUILDING_CONSULATE');
INSERT OR REPLACE INTO Modifiers
(ModifierId ,      					ModifierType,											SubjectRequirementSetId) SELECT  
ModifierId|| '_MODIFIER',        	'MODIFIER_PLAYER_DISTRICTS_ADJUST_DISTRICT_PRODUCTION', 		'GOLDEN_DISTRICT_IS_DISTRICT_DIPLOMATIC_QUARTER_REQUIREMENTS' 
FROM TraitModifiers WHERE ModifierId LIKE 'GA_MINOR_CIV_%' AND ModifierId LIKE '%_DISTRICT_DIPLOMATIC_QUARTER_DISTRICTS_%' AND EXISTS (SELECT * FROM Buildings WHERE BuildingType = 'BUILDING_CONSULATE');
INSERT OR REPLACE INTO Modifiers
(ModifierId ,      					ModifierType,											SubjectRequirementSetId) SELECT  
ModifierId|| '_MODIFIER',        	'MODIFIER_PLAYER_DISTRICTS_ADJUST_UNIT_PRODUCTION', 			'GOLDEN_DISTRICT_IS_DISTRICT_DIPLOMATIC_QUARTER_REQUIREMENTS' 
FROM TraitModifiers WHERE ModifierId LIKE 'GA_MINOR_CIV_%' AND ModifierId LIKE '%_DISTRICT_DIPLOMATIC_QUARTER_UNITS_%' AND EXISTS (SELECT * FROM Buildings WHERE BuildingType = 'BUILDING_CONSULATE');
INSERT OR REPLACE INTO Modifiers
(ModifierId ,      					ModifierType,											SubjectRequirementSetId) SELECT  
ModifierId|| '_MODIFIER',        	'MODIFIER_PLAYER_CITIES_ADJUST_BUILDING_PRODUCTION_CHANGE', 		'GOLDEN_CITY_HAS_BUILDING_CONSULATE_REQUIREMENTS' 
FROM TraitModifiers WHERE ModifierId LIKE 'GA_MINOR_CIV_%' AND ModifierId LIKE '%_DISTRICT_DIPLOMATIC_QUARTER_BUILDINGS_%' AND EXISTS (SELECT * FROM Buildings WHERE BuildingType = 'BUILDING_CONSULATE');
INSERT OR REPLACE INTO Modifiers
(ModifierId ,      					ModifierType,											SubjectRequirementSetId) SELECT  
ModifierId|| '_MODIFIER',        	'MODIFIER_PLAYER_CITIES_ADJUST_DISTRICT_PRODUCTION_CHANGE', 		'GOLDEN_CITY_HAS_BUILDING_CONSULATE_REQUIREMENTS' 
FROM TraitModifiers WHERE ModifierId LIKE 'GA_MINOR_CIV_%' AND ModifierId LIKE '%_DISTRICT_DIPLOMATIC_QUARTER_DISTRICTS_%' AND EXISTS (SELECT * FROM Buildings WHERE BuildingType = 'BUILDING_CONSULATE');
INSERT OR REPLACE INTO Modifiers
(ModifierId ,      					ModifierType,											SubjectRequirementSetId) SELECT  
ModifierId|| '_MODIFIER',        	'MODIFIER_PLAYER_CITIES_ADJUST_UNIT_PRODUCTION_CHANGE', 			'GOLDEN_CITY_HAS_BUILDING_CONSULATE_REQUIREMENTS' 
FROM TraitModifiers WHERE ModifierId LIKE 'GA_MINOR_CIV_%' AND ModifierId LIKE '%_DISTRICT_DIPLOMATIC_QUARTER_UNITS_%' AND EXISTS (SELECT * FROM Buildings WHERE BuildingType = 'BUILDING_CONSULATE');
INSERT OR REPLACE INTO Modifiers
(ModifierId ,      					ModifierType,											SubjectRequirementSetId) SELECT  
ModifierId|| '_MODIFIER',        	'MODIFIER_PLAYER_CITIES_ADJUST_BUILDING_PRODUCTION_CHANGE', 		'GOLDEN_CITY_HAS_BUILDING_CHANCERY_REQUIREMENTS' 
FROM TraitModifiers WHERE ModifierId LIKE 'GA_MINOR_CIV_%' AND ModifierId LIKE '%_DISTRICT_DIPLOMATIC_QUARTER_BUILDINGS_%' AND EXISTS (SELECT * FROM Buildings WHERE BuildingType = 'BUILDING_CONSULATE');
INSERT OR REPLACE INTO Modifiers
(ModifierId ,      					ModifierType,											SubjectRequirementSetId) SELECT  
ModifierId|| '_MODIFIER',        	'MODIFIER_PLAYER_CITIES_ADJUST_DISTRICT_PRODUCTION_CHANGE', 		'GOLDEN_CITY_HAS_BUILDING_CHANCERY_REQUIREMENTS' 
FROM TraitModifiers WHERE ModifierId LIKE 'GA_MINOR_CIV_%' AND ModifierId LIKE '%_DISTRICT_DIPLOMATIC_QUARTER_DISTRICTS_%' AND EXISTS (SELECT * FROM Buildings WHERE BuildingType = 'BUILDING_CONSULATE');
INSERT OR REPLACE INTO Modifiers
(ModifierId ,      					ModifierType,											SubjectRequirementSetId) SELECT  
ModifierId|| '_MODIFIER',        	'MODIFIER_PLAYER_CITIES_ADJUST_UNIT_PRODUCTION_CHANGE', 			'GOLDEN_CITY_HAS_BUILDING_CHANCERY_REQUIREMENTS' 
FROM TraitModifiers WHERE ModifierId LIKE 'GA_MINOR_CIV_%' AND ModifierId LIKE '%_DISTRICT_DIPLOMATIC_QUARTER_UNITS_%' AND EXISTS (SELECT * FROM Buildings WHERE BuildingType = 'BUILDING_CONSULATE');

--ModifierArguments
INSERT OR REPLACE INTO ModifierArguments
(ModifierId ,     				Name,		 			Value) SELECT 
ModifierId|| '_MODIFIER', 		'CityStatesOnly', 		1 FROM TraitModifiers WHERE ModifierId LIKE 'GA_MINOR_CIV_%' AND ModifierId LIKE '%_BUILDING_%';

INSERT OR REPLACE INTO ModifierArguments
(ModifierId ,     				Name,		 	Value) SELECT 
ModifierId|| '_MODIFIER', 		'Amount', 		1 FROM TraitModifiers WHERE ModifierId LIKE 'GA_MINOR_CIV_%' AND ModifierId LIKE '%_SMALL_NONSUZERAIN_%';
INSERT OR REPLACE INTO ModifierArguments
(ModifierId ,     				Name,		 	Value) SELECT 
ModifierId|| '_MODIFIER', 		'Amount', 		1 FROM TraitModifiers WHERE ModifierId LIKE 'GA_MINOR_CIV_%' AND ModifierId LIKE '%_MEDIUM_NONSUZERAIN_%';
INSERT OR REPLACE INTO ModifierArguments
(ModifierId ,     				Name,		 	Value) SELECT 
ModifierId|| '_MODIFIER', 		'Amount', 		1 FROM TraitModifiers WHERE ModifierId LIKE 'GA_MINOR_CIV_%' AND ModifierId LIKE '%_LARGE_NONSUZERAIN_%';
INSERT OR REPLACE INTO ModifierArguments
(ModifierId ,     				Name,		 	Value) SELECT 
ModifierId|| '_MODIFIER', 		'Amount', 		1 FROM TraitModifiers WHERE ModifierId LIKE 'GA_MINOR_CIV_%' AND ModifierId LIKE '%_LARGEST_NONSUZERAIN_%';
INSERT OR REPLACE INTO ModifierArguments
(ModifierId ,     				Name,		 	Value) SELECT 
ModifierId|| '_MODIFIER', 		'Amount', 		1 FROM TraitModifiers WHERE ModifierId LIKE 'GA_MINOR_CIV_%' AND ModifierId LIKE '%_SMALL_SUZERAIN_%';
INSERT OR REPLACE INTO ModifierArguments
(ModifierId ,     				Name,		 	Value) SELECT 
ModifierId|| '_MODIFIER', 		'Amount', 		2 FROM TraitModifiers WHERE ModifierId LIKE 'GA_MINOR_CIV_%' AND ModifierId LIKE '%_MEDIUM_SUZERAIN_%';
INSERT OR REPLACE INTO ModifierArguments
(ModifierId ,     				Name,		 	Value) SELECT 
ModifierId|| '_MODIFIER', 		'Amount', 		3 FROM TraitModifiers WHERE ModifierId LIKE 'GA_MINOR_CIV_%' AND ModifierId LIKE '%_LARGE_SUZERAIN_%';
INSERT OR REPLACE INTO ModifierArguments
(ModifierId ,     				Name,		 	Value) SELECT 
ModifierId|| '_MODIFIER', 		'Amount', 		4 FROM TraitModifiers WHERE ModifierId LIKE 'GA_MINOR_CIV_%' AND ModifierId LIKE '%_LARGEST_SUZERAIN_%';

INSERT OR REPLACE INTO ModifierArguments
(ModifierId ,     	Name,		 	Value) SELECT 
ModifierId|| '_MODIFIER', 		'YieldType', 	'YIELD_SCIENCE' FROM TraitModifiers WHERE ModifierId LIKE 'GA_MINOR_CIV_%_YIELD_SCIENCE';
INSERT OR REPLACE INTO ModifierArguments
(ModifierId ,     	Name,		 	Value) SELECT 
ModifierId|| '_MODIFIER', 		'YieldType', 	'YIELD_CULTURE' FROM TraitModifiers WHERE ModifierId LIKE 'GA_MINOR_CIV_%_YIELD_CULTURE';
INSERT OR REPLACE INTO ModifierArguments
(ModifierId ,     	Name,		 	Value) SELECT 
ModifierId|| '_MODIFIER', 		'YieldType', 	'YIELD_GOLD' FROM TraitModifiers WHERE ModifierId LIKE 'GA_MINOR_CIV_%_YIELD_GOLD';
INSERT OR REPLACE INTO ModifierArguments
(ModifierId ,     	Name,		 	Value) SELECT 
ModifierId|| '_MODIFIER', 		'YieldType', 	'YIELD_FAITH' FROM TraitModifiers WHERE ModifierId LIKE 'GA_MINOR_CIV_%_YIELD_FAITH';

INSERT OR REPLACE INTO ModifierArguments 
(ModifierId,																				Name,		    	Value) VALUES
('GA_MINOR_CIV_SCIENTIFIC_MEDIUM_NONSUZERAIN_BUILDING_LIBRARY_YIELD_SCIENCE_MODIFIER',			'BuildingType',	    'BUILDING_LIBRARY'),
('GA_MINOR_CIV_SCIENTIFIC_MEDIUM_SUZERAIN_BUILDING_LIBRARY_YIELD_SCIENCE_MODIFIER',				'BuildingType',	    'BUILDING_LIBRARY'),
('GA_MINOR_CIV_SCIENTIFIC_LARGE_NONSUZERAIN_BUILDING_UNIVERSITY_YIELD_SCIENCE_MODIFIER',		'BuildingType',	    'BUILDING_UNIVERSITY'),
('GA_MINOR_CIV_SCIENTIFIC_LARGE_SUZERAIN_BUILDING_UNIVERSITY_YIELD_SCIENCE_MODIFIER',			'BuildingType',	    'BUILDING_UNIVERSITY'),
('GA_MINOR_CIV_SCIENTIFIC_LARGEST_NONSUZERAIN_BUILDING_RESEARCH_LAB_YIELD_SCIENCE_MODIFIER',	'BuildingType',	    'BUILDING_RESEARCH_LAB'),
('GA_MINOR_CIV_SCIENTIFIC_LARGEST_SUZERAIN_BUILDING_RESEARCH_LAB_YIELD_SCIENCE_MODIFIER',		'BuildingType',	    'BUILDING_RESEARCH_LAB'),

('GA_MINOR_CIV_CULTURAL_MEDIUM_NONSUZERAIN_BUILDING_AMPHITHEATER_YIELD_CULTURE_MODIFIER',		'BuildingType',	    'BUILDING_AMPHITHEATER'),
('GA_MINOR_CIV_CULTURAL_MEDIUM_SUZERAIN_BUILDING_AMPHITHEATER_YIELD_CULTURE_MODIFIER',			'BuildingType',	    'BUILDING_AMPHITHEATER'),
('GA_MINOR_CIV_CULTURAL_LARGE_NONSUZERAIN_BUILDING_MUSEUM_ART_YIELD_CULTURE_MODIFIER',			'BuildingType',	    'BUILDING_MUSEUM_ART'),
('GA_MINOR_CIV_CULTURAL_LARGE_SUZERAIN_BUILDING_MUSEUM_ART_YIELD_CULTURE_MODIFIER',				'BuildingType',	    'BUILDING_MUSEUM_ART'),
('GA_MINOR_CIV_CULTURAL_LARGE_NONSUZERAIN_BUILDING_MUSEUM_ARTIFACT_YIELD_CULTURE_MODIFIER',		'BuildingType',	    'BUILDING_MUSEUM_ARTIFACT'),
('GA_MINOR_CIV_CULTURAL_LARGE_SUZERAIN_BUILDING_MUSEUM_ARTIFACT_YIELD_CULTURE_MODIFIER',		'BuildingType',	    'BUILDING_MUSEUM_ARTIFACT'),
('GA_MINOR_CIV_CULTURAL_LARGEST_NONSUZERAIN_BUILDING_BROADCAST_CENTER_YIELD_CULTURE_MODIFIER',	'BuildingType',	    'BUILDING_BROADCAST_CENTER'),
('GA_MINOR_CIV_CULTURAL_LARGEST_SUZERAIN_BUILDING_BROADCAST_CENTER_YIELD_CULTURE_MODIFIER',		'BuildingType',	    'BUILDING_BROADCAST_CENTER'),

('GA_MINOR_CIV_TRADE_MEDIUM_NONSUZERAIN_BUILDING_MARKET_YIELD_GOLD_MODIFIER',					'BuildingType',		'BUILDING_MARKET'),
('GA_MINOR_CIV_TRADE_MEDIUM_SUZERAIN_BUILDING_MARKET_YIELD_GOLD_MODIFIER',						'BuildingType',		'BUILDING_MARKET'),
('GA_MINOR_CIV_TRADE_MEDIUM_NONSUZERAIN_BUILDING_LIGHTHOUSE_YIELD_GOLD_MODIFIER',				'BuildingType',		'BUILDING_LIGHTHOUSE'),
('GA_MINOR_CIV_TRADE_MEDIUM_SUZERAIN_BUILDING_LIGHTHOUSE_YIELD_GOLD_MODIFIER',					'BuildingType',		'BUILDING_LIGHTHOUSE'),
('GA_MINOR_CIV_TRADE_LARGE_NONSUZERAIN_BUILDING_BANK_YIELD_GOLD_MODIFIER',						'BuildingType',		'BUILDING_BANK'),
('GA_MINOR_CIV_TRADE_LARGE_SUZERAIN_BUILDING_BANK_YIELD_GOLD_MODIFIER',							'BuildingType',		'BUILDING_BANK'),
('GA_MINOR_CIV_TRADE_LARGE_NONSUZERAIN_BUILDING_SHIPYARD_YIELD_GOLD_MODIFIER',					'BuildingType',		'BUILDING_SHIPYARD'),
('GA_MINOR_CIV_TRADE_LARGE_SUZERAIN_BUILDING_SHIPYARD_YIELD_GOLD_MODIFIER',						'BuildingType',		'BUILDING_SHIPYARD'),
('GA_MINOR_CIV_TRADE_LARGEST_NONSUZERAIN_BUILDING_STOCK_EXCHANGE_YIELD_GOLD_MODIFIER',			'BuildingType',		'BUILDING_STOCK_EXCHANGE'),
('GA_MINOR_CIV_TRADE_LARGEST_SUZERAIN_BUILDING_STOCK_EXCHANGE_YIELD_GOLD_MODIFIER',				'BuildingType',		'BUILDING_STOCK_EXCHANGE'),
('GA_MINOR_CIV_TRADE_LARGEST_NONSUZERAIN_BUILDING_SEAPORT_YIELD_GOLD_MODIFIER',					'BuildingType',		'BUILDING_SEAPORT'),
('GA_MINOR_CIV_TRADE_LARGEST_NONSUZERAIN_BUILDING_SEAPORT_YIELD_GOLD_MODIFIER',					'BuildingType',		'BUILDING_SEAPORT'),

('GA_MINOR_CIV_RELIGIOUS_MEDIUM_NONSUZERAIN_BUILDING_SHRINE_YIELD_FAITH_MODIFIER',				'BuildingType',		'BUILDING_SHRINE'),
('GA_MINOR_CIV_RELIGIOUS_MEDIUM_SUZERAIN_BUILDING_SHRINE_YIELD_FAITH_MODIFIER',					'BuildingType',		'BUILDING_SHRINE'),
('GA_MINOR_CIV_RELIGIOUS_LARGE_NONSUZERAIN_BUILDING_TEMPLE_YIELD_FAITH_MODIFIER',				'BuildingType',		'BUILDING_TEMPLE'),
('GA_MINOR_CIV_RELIGIOUS_LARGE_SUZERAIN_BUILDING_TEMPLE_YIELD_FAITH_MODIFIER',					'BuildingType',		'BUILDING_TEMPLE');

INSERT OR REPLACE INTO ModifierArguments
(ModifierId,																				Name,		    	Value) SELECT
'GA_MINOR_CIV_RELIGIOUS_LARGEST_NONSUZERAIN_'||BuildingType||'_YIELD_FAITH',				'BuildingType',		BuildingType		FROM Buildings WHERE EnabledByReligion=1 AND PrereqDistrict='DISTRICT_HOLY_SITE';

INSERT OR REPLACE INTO ModifierArguments
(ModifierId,																				Name,		    	Value) SELECT
'GA_MINOR_CIV_RELIGIOUS_LARGEST_SUZERAIN_'||BuildingType||'_YIELD_FAITH',					'BuildingType',		BuildingType		FROM Buildings WHERE EnabledByReligion=1 AND PrereqDistrict='DISTRICT_HOLY_SITE';

INSERT OR REPLACE INTO ModifierArguments
(ModifierId ,     				Name,		 		Value) SELECT 
ModifierId|| '_MODIFIER', 		'BuildingType', 	'BUILDING_CONSULATE' 
FROM TraitModifiers WHERE ModifierId LIKE 'GA_MINOR_CIV_%' AND ModifierId LIKE '%_BUILDING_CONSULATE_YIELD_%' AND EXISTS (SELECT * FROM Buildings WHERE BuildingType = 'BUILDING_CONSULATE');
INSERT OR REPLACE INTO ModifierArguments
(ModifierId ,     				Name,		 		Value) SELECT 
ModifierId|| '_MODIFIER', 		'BuildingType', 	'BUILDING_CHANCERY' 
FROM TraitModifiers WHERE ModifierId LIKE 'GA_MINOR_CIV_%' AND ModifierId LIKE '%_BUILDING_CHANCERY_YIELD_%' AND EXISTS (SELECT * FROM Buildings WHERE BuildingType = 'BUILDING_CONSULATE');

--学院拓展
INSERT OR REPLACE INTO ModifierArguments (ModifierId,										Name,		    	Value) SELECT
'GA_MINOR_CIV_SCIENTIFIC_MEDIUM_NONSUZERAIN_BUILDING_ALCHEMY_HOUSE_YIELD_SCIENCE_MODIFIER',			'BuildingType',	    'BUILDING_ALCHEMY_HOUSE'  WHERE EXISTS (SELECT * FROM Buildings WHERE BuildingType = 'BUILDING_ALCHEMY_HOUSE');
INSERT OR REPLACE INTO ModifierArguments (ModifierId,										Name,		    	Value) SELECT
'GA_MINOR_CIV_SCIENTIFIC_MEDIUM_SUZERAIN_BUILDING_ALCHEMY_HOUSE_YIELD_SCIENCE_MODIFIER',			'BuildingType',	    'BUILDING_ALCHEMY_HOUSE'  WHERE EXISTS (SELECT * FROM Buildings WHERE BuildingType = 'BUILDING_ALCHEMY_HOUSE');
INSERT OR REPLACE INTO ModifierArguments (ModifierId,										Name,		    	Value) SELECT
'GA_MINOR_CIV_SCIENTIFIC_MEDIUM_NONSUZERAIN_BUILDING_OBSERVATORY_YIELD_SCIENCE_MODIFIER',			'BuildingType',	    'BUILDING_OBSERVATORY'  WHERE EXISTS (SELECT * FROM Buildings WHERE BuildingType = 'BUILDING_OBSERVATORY');
INSERT OR REPLACE INTO ModifierArguments (ModifierId,										Name,		    	Value) SELECT
'GA_MINOR_CIV_SCIENTIFIC_MEDIUM_SUZERAIN_BUILDING_OBSERVATORY_YIELD_SCIENCE_MODIFIER',				'BuildingType',	    'BUILDING_OBSERVATORY'  WHERE EXISTS (SELECT * FROM Buildings WHERE BuildingType = 'BUILDING_OBSERVATORY');
INSERT OR REPLACE INTO ModifierArguments (ModifierId,										Name,		    	Value) SELECT
'GA_MINOR_CIV_SCIENTIFIC_LARGE_NONSUZERAIN_BUILDING_PUBLIC_SCHOOL_YIELD_SCIENCE_MODIFIER',			'BuildingType',	    'BUILDING_PUBLIC_SCHOOL'  WHERE EXISTS (SELECT * FROM Buildings WHERE BuildingType = 'BUILDING_PUBLIC_SCHOOL');
INSERT OR REPLACE INTO ModifierArguments (ModifierId,										Name,		    	Value) SELECT
'GA_MINOR_CIV_SCIENTIFIC_LARGE_SUZERAIN_BUILDING_PUBLIC_SCHOOL_YIELD_SCIENCE_MODIFIER',				'BuildingType',	    'BUILDING_PUBLIC_SCHOOL'  WHERE EXISTS (SELECT * FROM Buildings WHERE BuildingType = 'BUILDING_PUBLIC_SCHOOL');
INSERT OR REPLACE INTO ModifierArguments (ModifierId,										Name,		    	Value) SELECT
'GA_MINOR_CIV_SCIENTIFIC_LARGE_NONSUZERAIN_BUILDING_ACADEMIC_EXCHANGE_YIELD_SCIENCE_MODIFIER',		'BuildingType',	    'BUILDING_ACADEMIC_EXCHANGE'  WHERE EXISTS (SELECT * FROM Buildings WHERE BuildingType = 'BUILDING_ACADEMIC_EXCHANGE');
INSERT OR REPLACE INTO ModifierArguments (ModifierId,										Name,		    	Value) SELECT
'GA_MINOR_CIV_SCIENTIFIC_LARGE_SUZERAIN_BUILDING_ACADEMIC_EXCHANGE_YIELD_SCIENCE_MODIFIER',			'BuildingType',	    'BUILDING_ACADEMIC_EXCHANGE'  WHERE EXISTS (SELECT * FROM Buildings WHERE BuildingType = 'BUILDING_ACADEMIC_EXCHANGE');
INSERT OR REPLACE INTO ModifierArguments (ModifierId,										Name,		    	Value) SELECT
'GA_MINOR_CIV_SCIENTIFIC_LARGEST_NONSUZERAIN_BUILDING_BIOLOGY_LAB_YIELD_SCIENCE_MODIFIER',			'BuildingType',	    'BUILDING_BIOLOGY_LAB'  WHERE EXISTS (SELECT * FROM Buildings WHERE BuildingType = 'BUILDING_BIOLOGY_LAB');
INSERT OR REPLACE INTO ModifierArguments (ModifierId,										Name,		    	Value) SELECT
'GA_MINOR_CIV_SCIENTIFIC_LARGEST_SUZERAIN_BUILDING_BIOLOGY_LAB_YIELD_SCIENCE_MODIFIER',				'BuildingType',	    'BUILDING_BIOLOGY_LAB'  WHERE EXISTS (SELECT * FROM Buildings WHERE BuildingType = 'BUILDING_BIOLOGY_LAB');
INSERT OR REPLACE INTO ModifierArguments (ModifierId,										Name,		    	Value) SELECT
'GA_MINOR_CIV_SCIENTIFIC_LARGEST_NONSUZERAIN_BUILDING_CHEMISTRY_LAB_YIELD_SCIENCE_MODIFIER',		'BuildingType',	    'BUILDING_CHEMISTRY_LAB'  WHERE EXISTS (SELECT * FROM Buildings WHERE BuildingType = 'BUILDING_CHEMISTRY_LAB');
INSERT OR REPLACE INTO ModifierArguments (ModifierId,										Name,		    	Value) SELECT
'GA_MINOR_CIV_SCIENTIFIC_LARGEST_SUZERAIN_BUILDING_CHEMISTRY_LAB_YIELD_SCIENCE_MODIFIER',			'BuildingType',	    'BUILDING_CHEMISTRY_LAB'  WHERE EXISTS (SELECT * FROM Buildings WHERE BuildingType = 'BUILDING_CHEMISTRY_LAB');
INSERT OR REPLACE INTO ModifierArguments (ModifierId,										Name,		    	Value) SELECT
'GA_MINOR_CIV_SCIENTIFIC_LARGEST_NONSUZERAIN_BUILDING_ANIMAL_LAB_YIELD_SCIENCE_MODIFIER',			'BuildingType',	    'BUILDING_ANIMAL_LAB'  WHERE EXISTS (SELECT * FROM Buildings WHERE BuildingType = 'BUILDING_ANIMAL_LAB');
INSERT OR REPLACE INTO ModifierArguments (ModifierId,										Name,		    	Value) SELECT
'GA_MINOR_CIV_SCIENTIFIC_LARGEST_SUZERAIN_BUILDING_ANIMAL_LAB_YIELD_SCIENCE_MODIFIER',				'BuildingType',	    'BUILDING_ANIMAL_LAB'  WHERE EXISTS (SELECT * FROM Buildings WHERE BuildingType = 'BUILDING_ANIMAL_LAB');

--商业拓展
INSERT OR REPLACE INTO ModifierArguments (ModifierId,										Name,		    	Value) SELECT
'GA_MINOR_CIV_TRADE_MEDIUM_NONSUZERAIN_BUILDING_MINT_YIELD_GOLD_MODIFIER',					'BuildingType',	    'BUILDING_MINT'  WHERE EXISTS (SELECT * FROM Buildings WHERE BuildingType = 'BUILDING_MINT');
INSERT OR REPLACE INTO ModifierArguments (ModifierId,										Name,		    	Value) SELECT
'GA_MINOR_CIV_TRADE_MEDIUM_SUZERAIN_BUILDING_MINT_YIELD_GOLD_MODIFIER',						'BuildingType',	    'BUILDING_MINT'  WHERE EXISTS (SELECT * FROM Buildings WHERE BuildingType = 'BUILDING_MINT');
INSERT OR REPLACE INTO ModifierArguments (ModifierId,										Name,		    	Value) SELECT
'GA_MINOR_CIV_TRADE_MEDIUM_NONSUZERAIN_BUILDING_POST_STATION_YIELD_GOLD_MODIFIER',			'BuildingType',	    'BUILDING_POST_STATION'  WHERE EXISTS (SELECT * FROM Buildings WHERE BuildingType = 'BUILDING_POST_STATION');
INSERT OR REPLACE INTO ModifierArguments (ModifierId,										Name,		    	Value) SELECT
'GA_MINOR_CIV_TRADE_MEDIUM_SUZERAIN_BUILDING_POST_STATION_YIELD_GOLD_MODIFIER',				'BuildingType',	    'BUILDING_POST_STATION'  WHERE EXISTS (SELECT * FROM Buildings WHERE BuildingType = 'BUILDING_POST_STATION');
INSERT OR REPLACE INTO ModifierArguments (ModifierId,										Name,		    	Value) SELECT
'GA_MINOR_CIV_TRADE_LARGE_NONSUZERAIN_BUILDING_TAX_BUREAU_YIELD_GOLD_MODIFIER',				'BuildingType',	    'BUILDING_TAX_BUREAU'  WHERE EXISTS (SELECT * FROM Buildings WHERE BuildingType = 'BUILDING_TAX_BUREAU');
INSERT OR REPLACE INTO ModifierArguments (ModifierId,										Name,		    	Value) SELECT
'GA_MINOR_CIV_TRADE_LARGE_SUZERAIN_BUILDING_TAX_BUREAU_YIELD_GOLD_MODIFIER',				'BuildingType',	    'BUILDING_TAX_BUREAU'  WHERE EXISTS (SELECT * FROM Buildings WHERE BuildingType = 'BUILDING_TAX_BUREAU');
INSERT OR REPLACE INTO ModifierArguments (ModifierId,										Name,		    	Value) SELECT
'GA_MINOR_CIV_TRADE_LARGE_NONSUZERAIN_BUILDING_COMMERCIAL_YIELD_GOLD_MODIFIER',				'BuildingType',	    'BUILDING_COMMERCIAL'  WHERE EXISTS (SELECT * FROM Buildings WHERE BuildingType = 'BUILDING_COMMERCIAL');
INSERT OR REPLACE INTO ModifierArguments (ModifierId,										Name,		    	Value) SELECT
'GA_MINOR_CIV_TRADE_LARGE_SUZERAIN_BUILDING_COMMERCIAL_YIELD_GOLD_MODIFIER',				'BuildingType',	    'BUILDING_COMMERCIAL'  WHERE EXISTS (SELECT * FROM Buildings WHERE BuildingType = 'BUILDING_COMMERCIAL');
INSERT OR REPLACE INTO ModifierArguments (ModifierId,										Name,		    	Value) SELECT
'GA_MINOR_CIV_TRADE_LARGEST_NONSUZERAIN_BUILDING_URBAN_CONSTRUCTION_YIELD_GOLD_MODIFIER',	'BuildingType',	    'BUILDING_URBAN_CONSTRUCTION'  WHERE EXISTS (SELECT * FROM Buildings WHERE BuildingType = 'BUILDING_URBAN_CONSTRUCTION');
INSERT OR REPLACE INTO ModifierArguments (ModifierId,										Name,		    	Value) SELECT
'GA_MINOR_CIV_TRADE_LARGEST_SUZERAIN_BUILDING_URBAN_CONSTRUCTION_YIELD_GOLD_MODIFIER',		'BuildingType',	    'BUILDING_URBAN_CONSTRUCTION'  WHERE EXISTS (SELECT * FROM Buildings WHERE BuildingType = 'BUILDING_URBAN_CONSTRUCTION');
INSERT OR REPLACE INTO ModifierArguments (ModifierId,										Name,		    	Value) SELECT
'GA_MINOR_CIV_TRADE_LARGEST_NONSUZERAIN_BUILDING_MILITARY_CORP_YIELD_GOLD_MODIFIER',		'BuildingType',	    'BUILDING_MILITARY_CORP'  WHERE EXISTS (SELECT * FROM Buildings WHERE BuildingType = 'BUILDING_MILITARY_CORP');
INSERT OR REPLACE INTO ModifierArguments (ModifierId,										Name,		    	Value) SELECT
'GA_MINOR_CIV_TRADE_LARGEST_SUZERAIN_BUILDING_MILITARY_CORP_YIELD_GOLD_MODIFIER',			'BuildingType',	    'BUILDING_MILITARY_CORP'  WHERE EXISTS (SELECT * FROM Buildings WHERE BuildingType = 'BUILDING_MILITARY_CORP');

--剧院拓展
INSERT OR REPLACE INTO ModifierArguments (ModifierId,										Name,		    	Value) SELECT
'GA_MINOR_CIV_CULTURAL_MEDIUM_NONSUZERAIN_BUILDING_EPIC_THEATRE_YIELD_CULTURE_MODIFIER',			'BuildingType',	    'BUILDING_EPIC_THEATRE'  WHERE EXISTS (SELECT * FROM Buildings WHERE BuildingType = 'BUILDING_EPIC_THEATRE');
INSERT OR REPLACE INTO ModifierArguments (ModifierId,										Name,		    	Value) SELECT
'GA_MINOR_CIV_CULTURAL_MEDIUM_SUZERAIN_BUILDING_EPIC_THEATRE_YIELD_CULTURE_MODIFIER',				'BuildingType',	    'BUILDING_EPIC_THEATRE'  WHERE EXISTS (SELECT * FROM Buildings WHERE BuildingType = 'BUILDING_EPIC_THEATRE');
INSERT OR REPLACE INTO ModifierArguments (ModifierId,										Name,		    	Value) SELECT
'GA_MINOR_CIV_CULTURAL_MEDIUM_NONSUZERAIN_BUILDING_TAMPLE_STAGE_YIELD_CULTURE_MODIFIER',			'BuildingType',	    'BUILDING_TAMPLE_STAGE'  WHERE EXISTS (SELECT * FROM Buildings WHERE BuildingType = 'BUILDING_TAMPLE_STAGE');
INSERT OR REPLACE INTO ModifierArguments (ModifierId,										Name,		    	Value) SELECT
'GA_MINOR_CIV_CULTURAL_MEDIUM_SUZERAIN_BUILDING_TAMPLE_STAGE_YIELD_CULTURE_MODIFIER',				'BuildingType',	    'BUILDING_TAMPLE_STAGE'  WHERE EXISTS (SELECT * FROM Buildings WHERE BuildingType = 'BUILDING_TAMPLE_STAGE');
INSERT OR REPLACE INTO ModifierArguments (ModifierId,										Name,		    	Value) SELECT
'GA_MINOR_CIV_CULTURAL_LARGE_NONSUZERAIN_BUILDING_THERTERMUSEUM_YIELD_CULTURE_MODIFIER',			'BuildingType',	    'BUILDING_THERTERMUSEUM'  WHERE EXISTS (SELECT * FROM Buildings WHERE BuildingType = 'BUILDING_THERTERMUSEUM');
INSERT OR REPLACE INTO ModifierArguments (ModifierId,										Name,		    	Value) SELECT
'GA_MINOR_CIV_CULTURAL_LARGE_SUZERAIN_BUILDING_THERTERMUSEUM_YIELD_CULTURE_MODIFIER',				'BuildingType',	    'BUILDING_THERTERMUSEUM'  WHERE EXISTS (SELECT * FROM Buildings WHERE BuildingType = 'BUILDING_THERTERMUSEUM');
INSERT OR REPLACE INTO ModifierArguments (ModifierId,										Name,		    	Value) SELECT
'GA_MINOR_CIV_CULTURAL_LARGE_NONSUZERAIN_BUILDING_LIBRARYMUSEUM_YIELD_CULTURE_MODIFIER',			'BuildingType',	    'BUILDING_LIBRARYMUSEUM'  WHERE EXISTS (SELECT * FROM Buildings WHERE BuildingType = 'BUILDING_LIBRARYMUSEUM');
INSERT OR REPLACE INTO ModifierArguments (ModifierId,										Name,		    	Value) SELECT
'GA_MINOR_CIV_CULTURAL_LARGE_SUZERAIN_BUILDING_LIBRARYMUSEUM_YIELD_CULTURE_MODIFIER',				'BuildingType',	    'BUILDING_LIBRARYMUSEUM'  WHERE EXISTS (SELECT * FROM Buildings WHERE BuildingType = 'BUILDING_LIBRARYMUSEUM');
INSERT OR REPLACE INTO ModifierArguments (ModifierId,										Name,		    	Value) SELECT
'GA_MINOR_CIV_CULTURAL_LARGEST_NONSUZERAIN_BUILDING_OPERA_HOUSE_YIELD_CULTURE_MODIFIER',			'BuildingType',	    'BUILDING_OPERA_HOUSE'  WHERE EXISTS (SELECT * FROM Buildings WHERE BuildingType = 'BUILDING_OPERA_HOUSE');
INSERT OR REPLACE INTO ModifierArguments (ModifierId,										Name,		    	Value) SELECT
'GA_MINOR_CIV_CULTURAL_LARGEST_SUZERAIN_BUILDING_OPERA_HOUSE_YIELD_CULTURE_MODIFIER',				'BuildingType',	    'BUILDING_OPERA_HOUSE'  WHERE EXISTS (SELECT * FROM Buildings WHERE BuildingType = 'BUILDING_OPERA_HOUSE');
INSERT OR REPLACE INTO ModifierArguments (ModifierId,										Name,		    	Value) SELECT
'GA_MINOR_CIV_CULTURAL_LARGEST_NONSUZERAIN_BUILDING_ART_ASSOCIATION_YIELD_CULTURE_MODIFIER',		'BuildingType',	    'BUILDING_ART_ASSOCIATION'  WHERE EXISTS (SELECT * FROM Buildings WHERE BuildingType = 'BUILDING_ART_ASSOCIATION');
INSERT OR REPLACE INTO ModifierArguments (ModifierId,										Name,		    	Value) SELECT
'GA_MINOR_CIV_CULTURAL_LARGEST_SUZERAIN_BUILDING_ART_ASSOCIATION_YIELD_CULTURE_MODIFIER',			'BuildingType',	    'BUILDING_ART_ASSOCIATION'  WHERE EXISTS (SELECT * FROM Buildings WHERE BuildingType = 'BUILDING_ART_ASSOCIATION');
INSERT OR REPLACE INTO ModifierArguments (ModifierId,										Name,		    	Value) SELECT
'GA_MINOR_CIV_CULTURAL_LARGEST_NONSUZERAIN_BUILDING_PHOTOSTUDIO_YIELD_CULTURE_MODIFIER',			'BuildingType',	    'BUILDING_PHOTOSTUDIO'  WHERE EXISTS (SELECT * FROM Buildings WHERE BuildingType = 'BUILDING_PHOTOSTUDIO');
INSERT OR REPLACE INTO ModifierArguments (ModifierId,										Name,		    	Value) SELECT
'GA_MINOR_CIV_CULTURAL_LARGEST_SUZERAIN_BUILDING_PHOTOSTUDIO_YIELD_CULTURE_MODIFIER',				'BuildingType',	    'BUILDING_PHOTOSTUDIO'  WHERE EXISTS (SELECT * FROM Buildings WHERE BuildingType = 'BUILDING_PHOTOSTUDIO');
