--=====
--Types
--=====
INSERT OR REPLACE INTO Types	
(Type,							Kind)
VALUES
('BUILDING_EPIC_THEATRE',		'KIND_BUILDING'),
('BUILDING_TAMPLE_STAGE',		'KIND_BUILDING'),
('BUILDING_THERTERMUSEUM',		'KIND_BUILDING'),
('BUILDING_LIBRARYMUSEUM',		'KIND_BUILDING'),
('BUILDING_OPERA_HOUSE',		'KIND_BUILDING'),
('BUILDING_ART_ASSOCIATION',	'KIND_BUILDING'),
('BUILDING_PHOTOSTUDIO',		'KIND_BUILDING'),
-- ('BUILDING_CONCERT_HALL',		'KIND_BUILDING'),
-- ('BUILDING_WE_MEDIA',			'KIND_BUILDING'),
('BUILDING_CINEMA',				'KIND_BUILDING');
-- ('MODIFIER_GA_PLAYER_ADJUST_IDENTITY_PER_TURN_FROM_NEARBY_WONDERS',		'KIND_MODIFIER');
--=====
--DynamicModifiers
--=====
-- INSERT OR REPLACE INTO DynamicModifiers	
-- (ModifierType,	CollectionType,	EffectType)
-- VALUES
-- ('MODIFIER_GA_PLAYER_ADJUST_IDENTITY_PER_TURN_FROM_NEARBY_WONDERS',	'COLLECTION_OWNER',	'EFFECT_ADJUST_IDENTITY_PER_TURN_FROM_NEARBY_WONDERS');

--=====
--Buildings
--=====
INSERT OR REPLACE INTO Buildings
(BuildingType,					Name, 									Description,									PrereqDistrict,		Cost,		Maintenance,	CitizenSlots,	RegionalRange,	PurChaseYield,	AdvisorType,		PrereqTech,					PrereqCivic)
VALUES
('BUILDING_EPIC_THEATRE',		'LOC_BUILDING_EPIC_THEATRE_NAME',		'LOC_BUILDING_EPIC_THEATRE_DESCRIPTION',		'DISTRICT_THEATER', 160,		2,				3,				3,				'YIELD_GOLD',	'ADVISOR_CULTURE',	Null,						'CIVIC_DRAMA_POETRY'),
('BUILDING_TAMPLE_STAGE',		'LOC_BUILDING_TAMPLE_STAGE_NAME',		'LOC_BUILDING_TAMPLE_STAGE_DESCRIPTION',		'DISTRICT_THEATER', 160,		2,				1,				3,				'YIELD_GOLD',	'ADVISOR_CULTURE',	Null,						'CIVIC_GAMES_RECREATION'),
('BUILDING_THERTERMUSEUM',		'LOC_BUILDING_THERTERMUSEUM_NAME',		'LOC_BUILDING_THERTERMUSEUM_DESCRIPTION',		'DISTRICT_THEATER', 480,		3,				1,				4,				'YIELD_GOLD',	'ADVISOR_CULTURE',	Null,						'CIVIC_OPERA_BALLET'),
('BUILDING_LIBRARYMUSEUM',		'LOC_BUILDING_LIBRARYMUSEUM_NAME',		'LOC_BUILDING_LIBRARYMUSEUM_DESCRIPTION',		'DISTRICT_THEATER', 480,		3,				1,				4,				'YIELD_GOLD',	'ADVISOR_CULTURE',	Null,						'CIVIC_HUMANISM'),
('BUILDING_OPERA_HOUSE',		'LOC_BUILDING_OPERA_HOUSE_NAME',		'LOC_BUILDING_OPERA_HOUSE_DESCRIPTION',			'DISTRICT_THEATER', 1000,		4,				1,				5,				'YIELD_GOLD',	'ADVISOR_CULTURE',	Null,						'CIVIC_MASS_MEDIA'),
('BUILDING_ART_ASSOCIATION',	'LOC_BUILDING_ART_ASSOCIATION_NAME',	'LOC_BUILDING_ART_ASSOCIATION_DESCRIPTION',		'DISTRICT_THEATER', 1000,		4,				1,				5,				'YIELD_GOLD',	'ADVISOR_CULTURE',	'TECH_RADIO',				Null),
('BUILDING_PHOTOSTUDIO',		'LOC_BUILDING_PHOTOSTUDIO_NAME',		'LOC_BUILDING_PHOTOSTUDIO_DESCRIPTION',			'DISTRICT_THEATER', 1000,		4,				1,				5,				'YIELD_GOLD',	'ADVISOR_CULTURE',	Null,						'CIVIC_MASS_MEDIA'),
-- ('BUILDING_CONCERT_HALL',		'LOC_BUILDING_CONCERT_HALL_NAME',		'LOC_BUILDING_CONCERT_HALL_DESCRIPTION',		'DISTRICT_THEATER', 1600,		5,				1,				6,			'YIELD_GOLD',		'ADVISOR_CULTURE',	Null,						'CIVIC_SOCIAL_MEDIA'),
-- ('BUILDING_WE_MEDIA',			'LOC_BUILDING_WE_MEDIA_NAME',			'LOC_BUILDING_WE_MEDIA_DESCRIPTION',			'DISTRICT_THEATER', 1600,		5,				1,				6,			'YIELD_GOLD',		'ADVISOR_CULTURE',	Null,						'CIVIC_SOCIAL_MEDIA'),
('BUILDING_CINEMA',				'LOC_BUILDING_CINEMA_NAME',				'LOC_BUILDING_CINEMA_DESCRIPTION',				'DISTRICT_THEATER', 1600,		5,				1,				6,				'YIELD_GOLD',	'ADVISOR_CULTURE',	Null,						'CIVIC_GLOBALIZATION');

UPDATE Buildings SET RegionalRange = 3
WHERE BuildingType = 'BUILDING_AMPHITHEATER' OR BuildingType = 'BUILDING_MARAE';

UPDATE Buildings SET RegionalRange = 4
WHERE BuildingType = 'BUILDING_MUSEUM_ART' OR BuildingType = 'BUILDING_MUSEUM_ARTIFACT';

UPDATE Buildings SET RegionalRange = 5
WHERE BuildingType = 'BUILDING_BROADCAST_CENTER' OR BuildingType = 'BUILDING_FILM_STUDIO';

--=====
--BuildingReplaces
--=====
UPDATE BuildingReplaces SET ReplacesBuildingType='BUILDING_PHOTOSTUDIO'
WHERE CivUniqueBuildingType='BUILDING_FILM_STUDIO';

UPDATE BuildingReplaces SET ReplacesBuildingType='BUILDING_TAMPLE_STAGE'
WHERE CivUniqueBuildingType='BUILDING_MARAE';
--=====
--MutuallyExclusiveBuildings
--=====
INSERT OR REPLACE INTO MutuallyExclusiveBuildings
(Building,						MutuallyExclusiveBuilding)
VALUES
('BUILDING_AMPHITHEATER',		'BUILDING_EPIC_THEATRE'),
('BUILDING_AMPHITHEATER',		'BUILDING_TAMPLE_STAGE'),
('BUILDING_EPIC_THEATRE',		'BUILDING_AMPHITHEATER'),
('BUILDING_EPIC_THEATRE',		'BUILDING_TAMPLE_STAGE'),
('BUILDING_TAMPLE_STAGE',		'BUILDING_AMPHITHEATER'),
('BUILDING_TAMPLE_STAGE',		'BUILDING_EPIC_THEATRE'),
('BUILDING_MUSEUM_ART',			'BUILDING_THERTERMUSEUM'),
('BUILDING_MUSEUM_ART',			'BUILDING_LIBRARYMUSEUM'),
('BUILDING_MUSEUM_ARTIFACT',	'BUILDING_THERTERMUSEUM'),
('BUILDING_MUSEUM_ARTIFACT',	'BUILDING_LIBRARYMUSEUM'),
('BUILDING_THERTERMUSEUM',		'BUILDING_MUSEUM_ART'),
('BUILDING_THERTERMUSEUM',		'BUILDING_MUSEUM_ARTIFACT'),
('BUILDING_THERTERMUSEUM',		'BUILDING_LIBRARYMUSEUM'),
('BUILDING_LIBRARYMUSEUM',		'BUILDING_MUSEUM_ART'),
('BUILDING_LIBRARYMUSEUM',		'BUILDING_MUSEUM_ARTIFACT'),
('BUILDING_LIBRARYMUSEUM',		'BUILDING_THERTERMUSEUM'),
('BUILDING_BROADCAST_CENTER',	'BUILDING_OPERA_HOUSE'),
('BUILDING_BROADCAST_CENTER',	'BUILDING_ART_ASSOCIATION'),
('BUILDING_BROADCAST_CENTER',	'BUILDING_PHOTOSTUDIO'),
('BUILDING_OPERA_HOUSE',		'BUILDING_BROADCAST_CENTER'),
('BUILDING_OPERA_HOUSE',		'BUILDING_ART_ASSOCIATION'),
('BUILDING_OPERA_HOUSE',		'BUILDING_PHOTOSTUDIO'),
('BUILDING_ART_ASSOCIATION',	'BUILDING_BROADCAST_CENTER'),
('BUILDING_ART_ASSOCIATION',	'BUILDING_OPERA_HOUSE'),
('BUILDING_ART_ASSOCIATION',	'BUILDING_PHOTOSTUDIO'),
('BUILDING_PHOTOSTUDIO',		'BUILDING_BROADCAST_CENTER'),
('BUILDING_PHOTOSTUDIO',		'BUILDING_OPERA_HOUSE'),
('BUILDING_PHOTOSTUDIO',		'BUILDING_ART_ASSOCIATION');
-- ('BUILDING_CINEMA',				'BUILDING_CONCERT_HALL'),
-- ('BUILDING_CINEMA',				'BUILDING_WE_MEDIA'),
-- ('BUILDING_CONCERT_HALL',		'BUILDING_CINEMA'),
-- ('BUILDING_CONCERT_HALL',		'BUILDING_WE_MEDIA'),
-- ('BUILDING_WE_MEDIA',			'BUILDING_CINEMA'),
-- ('BUILDING_WE_MEDIA',			'BUILDING_CONCERT_HALL');
--=====
--BuildingPrereqs
--=====
INSERT OR REPLACE INTO BuildingPrereqs
(Building,							PrereqBuilding)		VALUES
('BUILDING_MUSEUM_ART',				'BUILDING_EPIC_THEATRE'),
('BUILDING_MUSEUM_ART',				'BUILDING_TAMPLE_STAGE'),
('BUILDING_MUSEUM_ART',				'BUILDING_MARAE'),
('BUILDING_MUSEUM_ARTIFACT',		'BUILDING_EPIC_THEATRE'),
('BUILDING_MUSEUM_ARTIFACT',		'BUILDING_TAMPLE_STAGE'),
('BUILDING_MUSEUM_ARTIFACT',		'BUILDING_MARAE'),
('BUILDING_THERTERMUSEUM',			'BUILDING_EPIC_THEATRE'),
('BUILDING_THERTERMUSEUM',			'BUILDING_TAMPLE_STAGE'),
('BUILDING_THERTERMUSEUM',			'BUILDING_AMPHITHEATER'),
('BUILDING_THERTERMUSEUM',			'BUILDING_MARAE'),
('BUILDING_LIBRARYMUSEUM',			'BUILDING_EPIC_THEATRE'),
('BUILDING_LIBRARYMUSEUM',			'BUILDING_TAMPLE_STAGE'),
('BUILDING_LIBRARYMUSEUM',			'BUILDING_AMPHITHEATER'),
('BUILDING_LIBRARYMUSEUM',			'BUILDING_MARAE'),
('BUILDING_BROADCAST_CENTER',		'BUILDING_THERTERMUSEUM'),
('BUILDING_BROADCAST_CENTER',		'BUILDING_LIBRARYMUSEUM'),
('BUILDING_FILM_STUDIO',			'BUILDING_THERTERMUSEUM'),
('BUILDING_FILM_STUDIO',			'BUILDING_LIBRARYMUSEUM'),
('BUILDING_OPERA_HOUSE',			'BUILDING_MUSEUM_ART'),
('BUILDING_OPERA_HOUSE',			'BUILDING_MUSEUM_ARTIFACT'),
('BUILDING_OPERA_HOUSE',			'BUILDING_THERTERMUSEUM'),
('BUILDING_OPERA_HOUSE',			'BUILDING_LIBRARYMUSEUM'),
('BUILDING_ART_ASSOCIATION',		'BUILDING_MUSEUM_ART'),
('BUILDING_ART_ASSOCIATION',		'BUILDING_MUSEUM_ARTIFACT'),
('BUILDING_ART_ASSOCIATION',		'BUILDING_THERTERMUSEUM'),
('BUILDING_ART_ASSOCIATION',		'BUILDING_LIBRARYMUSEUM'),
('BUILDING_PHOTOSTUDIO',			'BUILDING_MUSEUM_ART'),
('BUILDING_PHOTOSTUDIO',			'BUILDING_MUSEUM_ARTIFACT'),
('BUILDING_PHOTOSTUDIO',			'BUILDING_THERTERMUSEUM'),
('BUILDING_PHOTOSTUDIO',			'BUILDING_LIBRARYMUSEUM'),
-- ('BUILDING_CONCERT_HALL',			'BUILDING_FILM_STUDIO'),
-- ('BUILDING_CONCERT_HALL',			'BUILDING_BROADCAST_CENTER'),
-- ('BUILDING_CONCERT_HALL',			'BUILDING_OPERA_HOUSE'),
-- ('BUILDING_CONCERT_HALL',			'BUILDING_ART_ASSOCIATION'),
-- ('BUILDING_CONCERT_HALL',			'BUILDING_PHOTOSTUDIO'),
-- ('BUILDING_WE_MEDIA',				'BUILDING_FILM_STUDIO'),
-- ('BUILDING_WE_MEDIA',				'BUILDING_BROADCAST_CENTER'),
-- ('BUILDING_WE_MEDIA',				'BUILDING_OPERA_HOUSE'),
-- ('BUILDING_WE_MEDIA',				'BUILDING_ART_ASSOCIATION'),
-- ('BUILDING_WE_MEDIA',				'BUILDING_PHOTOSTUDIO'),
('BUILDING_CINEMA',					'BUILDING_FILM_STUDIO'),
('BUILDING_CINEMA',					'BUILDING_BROADCAST_CENTER'),
('BUILDING_CINEMA',					'BUILDING_OPERA_HOUSE'),
('BUILDING_CINEMA',					'BUILDING_ART_ASSOCIATION'),
('BUILDING_CINEMA',					'BUILDING_PHOTOSTUDIO');
--=====
--Building_YieldChanges
--=====
INSERT OR REPLACE INTO Building_YieldChanges
(BuildingType,							YieldType,			YieldChange)		VALUES
('BUILDING_AMPHITHEATER',		'YIELD_CULTURE',	2),
('BUILDING_EPIC_THEATRE',		'YIELD_CULTURE',	2),
('BUILDING_TAMPLE_STAGE',		'YIELD_CULTURE',	2),
('BUILDING_MUSEUM_ART',			'YIELD_CULTURE',	4),
('BUILDING_MUSEUM_ARTIFACT',	'YIELD_CULTURE',	4),
('BUILDING_THERTERMUSEUM',		'YIELD_CULTURE',	4),
('BUILDING_LIBRARYMUSEUM',		'YIELD_CULTURE',	4),
('BUILDING_BROADCAST_CENTER',	'YIELD_CULTURE',	6),
('BUILDING_OPERA_HOUSE',		'YIELD_CULTURE',	6),
('BUILDING_ART_ASSOCIATION',	'YIELD_CULTURE',	6),
('BUILDING_PHOTOSTUDIO',		'YIELD_CULTURE',	6),
-- ('BUILDING_CONCERT_HALL',		'YIELD_CULTURE',	8),
-- ('BUILDING_WE_MEDIA',			'YIELD_CULTURE',	8),
('BUILDING_CINEMA',				'YIELD_CULTURE',	8);
--=====
--District_CitizenGreatPersonPoints
--=====
INSERT OR REPLACE INTO District_CitizenGreatPersonPoints
(DistrictType,						GreatPersonClassType,				PointsPerTurn) VALUES
('DISTRICT_THEATER',				'GREAT_PERSON_CLASS_WRITER',		1),
('DISTRICT_THEATER',				'GREAT_PERSON_CLASS_ARTIST'	,		1),
('DISTRICT_THEATER',				'GREAT_PERSON_CLASS_MUSICIAN',		1);
--=====
--Building_GreatPersonPoints
--=====
INSERT OR REPLACE INTO Building_GreatPersonPoints
(BuildingType,						GreatPersonClassType,				PointsPerTurn) VALUES
('BUILDING_AMPHITHEATER',				'GREAT_PERSON_CLASS_WRITER',		1),
('BUILDING_EPIC_THEATRE',				'GREAT_PERSON_CLASS_WRITER'	,		1),
('BUILDING_TAMPLE_STAGE',				'GREAT_PERSON_CLASS_WRITER'	,		1),

('BUILDING_LIBRARYMUSEUM',				'GREAT_PERSON_CLASS_ARTIST'	,		1),
('BUILDING_LIBRARYMUSEUM',				'GREAT_PERSON_CLASS_WRITER'	,		2),
('BUILDING_THERTERMUSEUM',				'GREAT_PERSON_CLASS_ARTIST'	,		1),
('BUILDING_THERTERMUSEUM',				'GREAT_PERSON_CLASS_MUSICIAN',		2),

('BUILDING_BROADCAST_CENTER',			'GREAT_PERSON_CLASS_WRITER'	,		1),
('BUILDING_FILM_STUDIO',				'GREAT_PERSON_CLASS_WRITER'	,		1),
('BUILDING_ART_ASSOCIATION',			'GREAT_PERSON_CLASS_ARTIST'	,		2),
('BUILDING_ART_ASSOCIATION',			'GREAT_PERSON_CLASS_WRITER'	,		1),
('BUILDING_ART_ASSOCIATION',			'GREAT_PERSON_CLASS_MUSICIAN',		1),
('BUILDING_OPERA_HOUSE',				'GREAT_PERSON_CLASS_WRITER'	,		2),
('BUILDING_OPERA_HOUSE',				'GREAT_PERSON_CLASS_MUSICIAN',		2),
('BUILDING_PHOTOSTUDIO',				'GREAT_PERSON_CLASS_ARTIST'	,		1),
('BUILDING_PHOTOSTUDIO',				'GREAT_PERSON_CLASS_WRITER'	,		1),
('BUILDING_PHOTOSTUDIO',				'GREAT_PERSON_CLASS_MUSICIAN',		2),
('BUILDING_CINEMA',						'GREAT_PERSON_CLASS_ARTIST'	,		2),
('BUILDING_CINEMA',						'GREAT_PERSON_CLASS_WRITER'	,		2),
('BUILDING_CINEMA',						'GREAT_PERSON_CLASS_MUSICIAN',		2);
--=====
--Building_GreatWorks
--=====
DELETE FROM Building_GreatWorks WHERE BuildingType = 'BUILDING_BROADCAST_CENTER' OR BuildingType = 'BUILDING_FILM_STUDIO';

INSERT OR REPLACE INTO Building_GreatWorks			
(BuildingType,					GreatWorkSlotType,			NumSlots,	ThemingUniquePerson,	ThemingYieldMultiplier,	ThemingTourismMultiplier,	ThemingBonusDescription)
VALUES
('BUILDING_AMPHITHEATER',		'GREATWORKSLOT_WRITING',	2,			1,						100,	100,	'LOC_GA_UNIQUE_AUTHOR_THEMED'),
('BUILDING_EPIC_THEATRE',		'GREATWORKSLOT_WRITING',	2,			1,						100,	100,	'LOC_GA_UNIQUE_AUTHOR_THEMED'),
('BUILDING_TAMPLE_STAGE',		'GREATWORKSLOT_WRITING',	2,			1,						100,	100,	'LOC_GA_UNIQUE_AUTHOR_THEMED'),
('BUILDING_THERTERMUSEUM',		'GREATWORKSLOT_MUSIC',		3,			1,						100,	100,	'LOC_GA_UNIQUE_AUTHOR_THEMED'),
('BUILDING_LIBRARYMUSEUM',		'GREATWORKSLOT_WRITING',	3,			1,						100,	100,	'LOC_GA_UNIQUE_AUTHOR_THEMED'),
('BUILDING_OPERA_HOUSE',		'GREATWORKSLOT_MUSIC',		2,			0,						100,	100,	'LOC_GA_UNIQUE_AUTHOR_THEMED'),
('BUILDING_OPERA_HOUSE',		'GREATWORKSLOT_WRITING',	2,			0,						100,	100,	'LOC_GA_UNIQUE_AUTHOR_THEMED'),
('BUILDING_ART_ASSOCIATION',	'GREATWORKSLOT_ART',		2,			0,						100,	100,	'LOC_GA_AUTO_THEMED'),
('BUILDING_ART_ASSOCIATION',	'GREATWORKSLOT_ARTIFACT',	2,			0,						100,	100,	'LOC_GA_AUTO_THEMED'),
('BUILDING_BROADCAST_CENTER',	'GREATWORKSLOT_PALACE',		3,			0,						100,	100,	'LOC_GA_AUTO_THEMED'),
('BUILDING_PHOTOSTUDIO',		'GREATWORKSLOT_PALACE',		3,			0,						100,	100,	'LOC_GA_AUTO_THEMED'),
('BUILDING_FILM_STUDIO',		'GREATWORKSLOT_PALACE',		3,			0,						100,	100,	'LOC_GA_AUTO_THEMED'),
('BUILDING_CINEMA',				'GREATWORKSLOT_PALACE',		4,			0,						100,	100,	'LOC_GA_AUTO_THEMED');
--=====
--Building_CitizenYieldChanges
--=====
INSERT OR REPLACE INTO Building_CitizenYieldChanges
(BuildingType,					YieldType, 			YieldChange)
VALUES
('BUILDING_EPIC_THEATRE',		'YIELD_CULTURE',	3),
('BUILDING_TAMPLE_STAGE',		'YIELD_CULTURE',	1),
('BUILDING_THERTERMUSEUM',		'YIELD_CULTURE',	1),
('BUILDING_LIBRARYMUSEUM',		'YIELD_CULTURE',	1),
('BUILDING_OPERA_HOUSE',		'YIELD_CULTURE',	1),
('BUILDING_ART_ASSOCIATION',	'YIELD_CULTURE',	1),
('BUILDING_PHOTOSTUDIO',		'YIELD_CULTURE',	1),
('BUILDING_FILM_STUDIO',		'YIELD_CULTURE',	1),
-- ('BUILDING_CONCERT_HALL',		'YIELD_CULTURE',	1),
-- ('BUILDING_WE_MEDIA',			'YIELD_CULTURE',	1),
('BUILDING_CINEMA',				'YIELD_CULTURE',	1);
--=====
--Buildings_XP2
--=====
INSERT OR REPLACE INTO Buildings_XP2
(BuildingType,						RequiredPower)		VALUES
('BUILDING_AMPHITHEATER',			1),
('BUILDING_EPIC_THEATRE',			1),
('BUILDING_TAMPLE_STAGE',			1),
('BUILDING_MARAE',					1),

('BUILDING_MUSEUM_ART',				2),
('BUILDING_MUSEUM_ARTIFACT',		2),
('BUILDING_THERTERMUSEUM', 	    	2),
('BUILDING_LIBRARYMUSEUM',			2),

('BUILDING_BROADCAST_CENTER',		3),
('BUILDING_OPERA_HOUSE',			3),
('BUILDING_ART_ASSOCIATION',      	3),
('BUILDING_PHOTOSTUDIO',      		3),
('BUILDING_FILM_STUDIO',      		3),

-- ('BUILDING_CONCERT_HALL',        4),
-- ('BUILDING_WE_MEDIA',       		4),
('BUILDING_CINEMA',   				4);
--=====
--Building_YieldChangesBonusWithPower
--=====
INSERT OR REPLACE INTO Building_YieldChangesBonusWithPower
(BuildingType,					YieldType, 			YieldChange)
VALUES
('BUILDING_AMPHITHEATER',		'YIELD_CULTURE',	2),
('BUILDING_EPIC_THEATRE',		'YIELD_CULTURE',	2),
('BUILDING_TAMPLE_STAGE',		'YIELD_CULTURE',	2),
('BUILDING_MUSEUM_ART',			'YIELD_CULTURE',	4),
('BUILDING_MUSEUM_ARTIFACT',	'YIELD_CULTURE',	4),
('BUILDING_THERTERMUSEUM',		'YIELD_CULTURE',	4),
('BUILDING_LIBRARYMUSEUM',		'YIELD_CULTURE',	4),
('BUILDING_BROADCAST_CENTER',	'YIELD_CULTURE',	6),
('BUILDING_OPERA_HOUSE',		'YIELD_CULTURE',	6),
('BUILDING_ART_ASSOCIATION',	'YIELD_CULTURE',	6),
('BUILDING_PHOTOSTUDIO',		'YIELD_CULTURE',	6),
-- ('BUILDING_CONCERT_HALL',		'YIELD_CULTURE',	8),
-- ('BUILDING_WE_MEDIA',			'YIELD_CULTURE',	8),
('BUILDING_CINEMA',				'YIELD_CULTURE',	8);
--=====
--TraitModifiers
--=====
INSERT OR REPLACE INTO TraitModifiers			
(TraitType,					ModifierId)
VALUES
('TRAIT_LEADER_MAJOR_CIV',	'MODIFIER_BUILDING_BROADCAST_CENTER_AUTO_THEMED'),
('TRAIT_LEADER_MAJOR_CIV',	'MODIFIER_BUILDING_OPERA_HOUSE_AUTO_THEMED'),
('TRAIT_LEADER_MAJOR_CIV',	'MODIFIER_BUILDING_ART_ASSOCIATION_AUTO_THEMED'),
('TRAIT_LEADER_MAJOR_CIV',	'MODIFIER_BUILDING_PHOTOSTUDIO_AUTO_THEMED'),
('TRAIT_LEADER_MAJOR_CIV',	'MODIFIER_BUILDING_FILM_STUDIO_AUTO_THEMED'),
('TRAIT_LEADER_MAJOR_CIV',	'MODIFIER_BUILDING_CINEMA_AUTO_THEMED');
--=====
--BuildingModifiers
--=====
INSERT OR REPLACE INTO BuildingModifiers			
(BuildingType,					ModifierId)
VALUES
('BUILDING_AMPHITHEATER',		'MODIFIER_GA_AMPHITHEATER_CITIZEN_YIELD'),

('BUILDING_TAMPLE_STAGE',		'MODIFIER_GA_TAMPLE_STAGE_PLOT_CULTURE_1'),
('BUILDING_TAMPLE_STAGE',		'MODIFIER_GA_TAMPLE_STAGE_PLOT_FAITH_1'),
('BUILDING_TAMPLE_STAGE',		'MODIFIER_GA_TAMPLE_STAGE_PLOT_CULTURE_2'),
('BUILDING_TAMPLE_STAGE',		'MODIFIER_GA_TAMPLE_STAGE_PLOT_FAITH_2'),
('BUILDING_MARAE',			'MODIFIER_GA_TAMPLE_STAGE_PLOT_CULTURE_1'),
('BUILDING_MARAE',			'MODIFIER_GA_TAMPLE_STAGE_PLOT_FAITH_1'),
('BUILDING_MARAE',			'MODIFIER_GA_TAMPLE_STAGE_PLOT_CULTURE_2'),
('BUILDING_MARAE',			'MODIFIER_GA_TAMPLE_STAGE_PLOT_FAITH_2'),

('BUILDING_MUSEUM_ART',			'MODIFIER_GA_MUSEUM_ART_GW_YIELD_SCULPTURE'),
('BUILDING_MUSEUM_ART',			'MODIFIER_GA_MUSEUM_ART_GW_YIELD_PORTRAIT'),
('BUILDING_MUSEUM_ART',			'MODIFIER_GA_MUSEUM_ART_GW_YIELD_LANDSCAPE'),
('BUILDING_MUSEUM_ART',			'MODIFIER_GA_MUSEUM_ART_GW_YIELD_RELIGIOUS'),

('BUILDING_MUSEUM_ARTIFACT',	'MODIFIER_GA_MUSEUM_ARTIFACT_GW_YIELD_ARTIFACT'),
('BUILDING_THERTERMUSEUM',		'MODIFIER_GA_THERTERMUSEUM_GW_YIELD_MUSIC'),
('BUILDING_LIBRARYMUSEUM',		'MODIFIER_GA_LIBRARYMUSEUM_GW_YIELD_WRITING'),

('BUILDING_OPERA_HOUSE',		'MODIFIER_GA_OPERA_HOUSE_TOURISM_MUSIC'),
('BUILDING_OPERA_HOUSE',		'MODIFIER_GA_OPERA_HOUSE_TOURISM_MUSIC_0'),
('BUILDING_OPERA_HOUSE',		'MODIFIER_GA_OPERA_HOUSE_TOURISM_MUSIC_10'),
('BUILDING_OPERA_HOUSE',		'MODIFIER_GA_OPERA_HOUSE_TOURISM_MUSIC_20'),
('BUILDING_OPERA_HOUSE',		'MODIFIER_GA_OPERA_HOUSE_TOURISM_MUSIC_30'),
('BUILDING_OPERA_HOUSE',		'MODIFIER_GA_OPERA_HOUSE_TOURISM_MUSIC_40'),
('BUILDING_OPERA_HOUSE',		'MODIFIER_GA_OPERA_HOUSE_TOURISM_MUSIC_50'),
('BUILDING_OPERA_HOUSE',		'MODIFIER_GA_OPERA_HOUSE_TOURISM_MUSIC_60'),
('BUILDING_OPERA_HOUSE',		'MODIFIER_GA_OPERA_HOUSE_TOURISM_MUSIC_70'),
('BUILDING_OPERA_HOUSE',		'MODIFIER_GA_OPERA_HOUSE_TOURISM_MUSIC_80'),
('BUILDING_OPERA_HOUSE',		'MODIFIER_GA_OPERA_HOUSE_TOURISM_MUSIC_90'),
('BUILDING_OPERA_HOUSE',		'MODIFIER_GA_OPERA_HOUSE_TOURISM_MUSIC_100'),

('BUILDING_OPERA_HOUSE',		'MODIFIER_GA_OPERA_HOUSE_TOURISM_WRITING'),
('BUILDING_OPERA_HOUSE',		'MODIFIER_GA_OPERA_HOUSE_TOURISM_WRITING_0'),
('BUILDING_OPERA_HOUSE',		'MODIFIER_GA_OPERA_HOUSE_TOURISM_WRITING_10'),
('BUILDING_OPERA_HOUSE',		'MODIFIER_GA_OPERA_HOUSE_TOURISM_WRITING_20'),
('BUILDING_OPERA_HOUSE',		'MODIFIER_GA_OPERA_HOUSE_TOURISM_WRITING_30'),
('BUILDING_OPERA_HOUSE',		'MODIFIER_GA_OPERA_HOUSE_TOURISM_WRITING_40'),
('BUILDING_OPERA_HOUSE',		'MODIFIER_GA_OPERA_HOUSE_TOURISM_WRITING_50'),
('BUILDING_OPERA_HOUSE',		'MODIFIER_GA_OPERA_HOUSE_TOURISM_WRITING_60'),
('BUILDING_OPERA_HOUSE',		'MODIFIER_GA_OPERA_HOUSE_TOURISM_WRITING_70'),
('BUILDING_OPERA_HOUSE',		'MODIFIER_GA_OPERA_HOUSE_TOURISM_WRITING_80'),
('BUILDING_OPERA_HOUSE',		'MODIFIER_GA_OPERA_HOUSE_TOURISM_WRITING_90'),
('BUILDING_OPERA_HOUSE',		'MODIFIER_GA_OPERA_HOUSE_TOURISM_WRITING_100'),

('BUILDING_ART_ASSOCIATION',	'MODIFIER_GA_ART_ASSOCIATION_TOURISM_SCULPTURE'),
('BUILDING_ART_ASSOCIATION',	'MODIFIER_GA_ART_ASSOCIATION_TOURISM_SCULPTURE_0'),
('BUILDING_ART_ASSOCIATION',	'MODIFIER_GA_ART_ASSOCIATION_TOURISM_SCULPTURE_10'),
('BUILDING_ART_ASSOCIATION',	'MODIFIER_GA_ART_ASSOCIATION_TOURISM_SCULPTURE_20'),
('BUILDING_ART_ASSOCIATION',	'MODIFIER_GA_ART_ASSOCIATION_TOURISM_SCULPTURE_30'),
('BUILDING_ART_ASSOCIATION',	'MODIFIER_GA_ART_ASSOCIATION_TOURISM_SCULPTURE_40'),
('BUILDING_ART_ASSOCIATION',	'MODIFIER_GA_ART_ASSOCIATION_TOURISM_SCULPTURE_50'),
('BUILDING_ART_ASSOCIATION',	'MODIFIER_GA_ART_ASSOCIATION_TOURISM_SCULPTURE_60'),
('BUILDING_ART_ASSOCIATION',	'MODIFIER_GA_ART_ASSOCIATION_TOURISM_SCULPTURE_70'),
('BUILDING_ART_ASSOCIATION',	'MODIFIER_GA_ART_ASSOCIATION_TOURISM_SCULPTURE_80'),
('BUILDING_ART_ASSOCIATION',	'MODIFIER_GA_ART_ASSOCIATION_TOURISM_SCULPTURE_90'),
('BUILDING_ART_ASSOCIATION',	'MODIFIER_GA_ART_ASSOCIATION_TOURISM_SCULPTURE_100'),

('BUILDING_ART_ASSOCIATION',	'MODIFIER_GA_ART_ASSOCIATION_TOURISM_PORTRAIT'),
('BUILDING_ART_ASSOCIATION',	'MODIFIER_GA_ART_ASSOCIATION_TOURISM_PORTRAIT_0'),
('BUILDING_ART_ASSOCIATION',	'MODIFIER_GA_ART_ASSOCIATION_TOURISM_PORTRAIT_10'),
('BUILDING_ART_ASSOCIATION',	'MODIFIER_GA_ART_ASSOCIATION_TOURISM_PORTRAIT_20'),
('BUILDING_ART_ASSOCIATION',	'MODIFIER_GA_ART_ASSOCIATION_TOURISM_PORTRAIT_30'),
('BUILDING_ART_ASSOCIATION',	'MODIFIER_GA_ART_ASSOCIATION_TOURISM_PORTRAIT_40'),
('BUILDING_ART_ASSOCIATION',	'MODIFIER_GA_ART_ASSOCIATION_TOURISM_PORTRAIT_50'),
('BUILDING_ART_ASSOCIATION',	'MODIFIER_GA_ART_ASSOCIATION_TOURISM_PORTRAIT_60'),
('BUILDING_ART_ASSOCIATION',	'MODIFIER_GA_ART_ASSOCIATION_TOURISM_PORTRAIT_70'),
('BUILDING_ART_ASSOCIATION',	'MODIFIER_GA_ART_ASSOCIATION_TOURISM_PORTRAIT_80'),
('BUILDING_ART_ASSOCIATION',	'MODIFIER_GA_ART_ASSOCIATION_TOURISM_PORTRAIT_90'),
('BUILDING_ART_ASSOCIATION',	'MODIFIER_GA_ART_ASSOCIATION_TOURISM_PORTRAIT_100'),

('BUILDING_ART_ASSOCIATION',	'MODIFIER_GA_ART_ASSOCIATION_TOURISM_LANDSCAPE'),
('BUILDING_ART_ASSOCIATION',	'MODIFIER_GA_ART_ASSOCIATION_TOURISM_LANDSCAPE_0'),
('BUILDING_ART_ASSOCIATION',	'MODIFIER_GA_ART_ASSOCIATION_TOURISM_LANDSCAPE_10'),
('BUILDING_ART_ASSOCIATION',	'MODIFIER_GA_ART_ASSOCIATION_TOURISM_LANDSCAPE_20'),
('BUILDING_ART_ASSOCIATION',	'MODIFIER_GA_ART_ASSOCIATION_TOURISM_LANDSCAPE_30'),
('BUILDING_ART_ASSOCIATION',	'MODIFIER_GA_ART_ASSOCIATION_TOURISM_LANDSCAPE_40'),
('BUILDING_ART_ASSOCIATION',	'MODIFIER_GA_ART_ASSOCIATION_TOURISM_LANDSCAPE_50'),
('BUILDING_ART_ASSOCIATION',	'MODIFIER_GA_ART_ASSOCIATION_TOURISM_LANDSCAPE_60'),
('BUILDING_ART_ASSOCIATION',	'MODIFIER_GA_ART_ASSOCIATION_TOURISM_LANDSCAPE_70'),
('BUILDING_ART_ASSOCIATION',	'MODIFIER_GA_ART_ASSOCIATION_TOURISM_LANDSCAPE_80'),
('BUILDING_ART_ASSOCIATION',	'MODIFIER_GA_ART_ASSOCIATION_TOURISM_LANDSCAPE_90'),
('BUILDING_ART_ASSOCIATION',	'MODIFIER_GA_ART_ASSOCIATION_TOURISM_LANDSCAPE_100'),

('BUILDING_ART_ASSOCIATION',	'MODIFIER_GA_ART_ASSOCIATION_TOURISM_RELIGIOUS'),
('BUILDING_ART_ASSOCIATION',	'MODIFIER_GA_ART_ASSOCIATION_TOURISM_RELIGIOUS_0'),
('BUILDING_ART_ASSOCIATION',	'MODIFIER_GA_ART_ASSOCIATION_TOURISM_RELIGIOUS_10'),
('BUILDING_ART_ASSOCIATION',	'MODIFIER_GA_ART_ASSOCIATION_TOURISM_RELIGIOUS_20'),
('BUILDING_ART_ASSOCIATION',	'MODIFIER_GA_ART_ASSOCIATION_TOURISM_RELIGIOUS_30'),
('BUILDING_ART_ASSOCIATION',	'MODIFIER_GA_ART_ASSOCIATION_TOURISM_RELIGIOUS_40'),
('BUILDING_ART_ASSOCIATION',	'MODIFIER_GA_ART_ASSOCIATION_TOURISM_RELIGIOUS_50'),
('BUILDING_ART_ASSOCIATION',	'MODIFIER_GA_ART_ASSOCIATION_TOURISM_RELIGIOUS_60'),
('BUILDING_ART_ASSOCIATION',	'MODIFIER_GA_ART_ASSOCIATION_TOURISM_RELIGIOUS_70'),
('BUILDING_ART_ASSOCIATION',	'MODIFIER_GA_ART_ASSOCIATION_TOURISM_RELIGIOUS_80'),
('BUILDING_ART_ASSOCIATION',	'MODIFIER_GA_ART_ASSOCIATION_TOURISM_RELIGIOUS_90'),
('BUILDING_ART_ASSOCIATION',	'MODIFIER_GA_ART_ASSOCIATION_TOURISM_RELIGIOUS_100'),

('BUILDING_ART_ASSOCIATION',	'MODIFIER_GA_ART_ASSOCIATION_TOURISM_ARTIFACT'),
('BUILDING_ART_ASSOCIATION',	'MODIFIER_GA_ART_ASSOCIATION_TOURISM_ARTIFACT_0'),
('BUILDING_ART_ASSOCIATION',	'MODIFIER_GA_ART_ASSOCIATION_TOURISM_ARTIFACT_10'),
('BUILDING_ART_ASSOCIATION',	'MODIFIER_GA_ART_ASSOCIATION_TOURISM_ARTIFACT_20'),
('BUILDING_ART_ASSOCIATION',	'MODIFIER_GA_ART_ASSOCIATION_TOURISM_ARTIFACT_30'),
('BUILDING_ART_ASSOCIATION',	'MODIFIER_GA_ART_ASSOCIATION_TOURISM_ARTIFACT_40'),
('BUILDING_ART_ASSOCIATION',	'MODIFIER_GA_ART_ASSOCIATION_TOURISM_ARTIFACT_50'),
('BUILDING_ART_ASSOCIATION',	'MODIFIER_GA_ART_ASSOCIATION_TOURISM_ARTIFACT_60'),
('BUILDING_ART_ASSOCIATION',	'MODIFIER_GA_ART_ASSOCIATION_TOURISM_ARTIFACT_70'),
('BUILDING_ART_ASSOCIATION',	'MODIFIER_GA_ART_ASSOCIATION_TOURISM_ARTIFACT_80'),
('BUILDING_ART_ASSOCIATION',	'MODIFIER_GA_ART_ASSOCIATION_TOURISM_ARTIFACT_90'),
('BUILDING_ART_ASSOCIATION',	'MODIFIER_GA_ART_ASSOCIATION_TOURISM_ARTIFACT_100'),

('BUILDING_BROADCAST_CENTER',	'MODIFIER_GA_BROADCAST_CENTER_TRADE_ROUTE_TOURISM_MODIFIER'),
('BUILDING_BROADCAST_CENTER',	'MODIFIER_GA_BROADCAST_CENTER_IMPROVEMENT_TOURISM'),
('BUILDING_BROADCAST_CENTER',	'MODIFIER_GA_BROADCAST_CENTER_IMPROVEMENT_TOURISM_APPEAL2'),
('BUILDING_BROADCAST_CENTER',	'MODIFIER_GA_BROADCAST_CENTER_IMPROVEMENT_TOURISM_APPEAL4'),

('BUILDING_PHOTOSTUDIO',		'MODIFIER_GA_PHOTOSTUDIO_TOURISM_NATIONAL_PARK_CIV'),
('BUILDING_PHOTOSTUDIO',		'MODIFIER_GA_PHOTOSTUDIO_TOURISM_NATIONAL_PARK_SINGLE'),
('BUILDING_PHOTOSTUDIO',		'MODIFIER_GA_PHOTOSTUDIO_TOURISM_NATIONAL_PARK_SINGLE_AP2'),
('BUILDING_PHOTOSTUDIO',		'MODIFIER_GA_PHOTOSTUDIO_TOURISM_NATIONAL_PARK_SINGLE_AP4'),
('BUILDING_PHOTOSTUDIO',		'MODIFIER_GA_PHOTOSTUDIO_TOURISM_WORLDWONDER_CIV'),
('BUILDING_PHOTOSTUDIO',		'MODIFIER_GA_PHOTOSTUDIO_TOURISM_WORLDWONDER_SINGLE'),
('BUILDING_PHOTOSTUDIO',		'MODIFIER_GA_PHOTOSTUDIO_TOURISM_WORLDWONDER_SINGLE_AP2'),
('BUILDING_PHOTOSTUDIO',		'MODIFIER_GA_PHOTOSTUDIO_TOURISM_WORLDWONDER_SINGLE_AP4'),

('BUILDING_FILM_STUDIO',		'MODIFIER_GA_PHOTOSTUDIO_TOURISM_NATIONAL_PARK_CIV'),
('BUILDING_FILM_STUDIO',		'MODIFIER_GA_PHOTOSTUDIO_TOURISM_NATIONAL_PARK_SINGLE'),
('BUILDING_FILM_STUDIO',		'MODIFIER_GA_PHOTOSTUDIO_TOURISM_NATIONAL_PARK_SINGLE_AP2'),
('BUILDING_FILM_STUDIO',		'MODIFIER_GA_PHOTOSTUDIO_TOURISM_NATIONAL_PARK_SINGLE_AP4'),
('BUILDING_FILM_STUDIO',		'MODIFIER_GA_PHOTOSTUDIO_TOURISM_WORLDWONDER_CIV'),
('BUILDING_FILM_STUDIO',		'MODIFIER_GA_PHOTOSTUDIO_TOURISM_WORLDWONDER_SINGLE'),
('BUILDING_FILM_STUDIO',		'MODIFIER_GA_PHOTOSTUDIO_TOURISM_WORLDWONDER_SINGLE_AP2'),
('BUILDING_FILM_STUDIO',		'MODIFIER_GA_PHOTOSTUDIO_TOURISM_WORLDWONDER_SINGLE_AP4'),

-- ('BUILDING_CONCERT_HALL',		'MODIFIER_GA_CONCERT_HALL_IDENTITY'),
-- ('BUILDING_WE_MEDIA',			'MODIFIER_GA_WE_MEDIA_IDENTITY'),
('BUILDING_CINEMA',				'MODIFIER_GA_CINEMA_TOURISM');
--=====
--Modifiers
--=====
INSERT OR REPLACE INTO Modifiers
(ModifierId,										ModifierType,												SubjectRequirementSetId)
VALUES
('MODIFIER_BUILDING_BROADCAST_CENTER_AUTO_THEMED',		'MODIFIER_PLAYER_ADJUST_AUTO_THEMED_BUILDING',				Null),
('MODIFIER_BUILDING_OPERA_HOUSE_AUTO_THEMED',		'MODIFIER_PLAYER_ADJUST_AUTO_THEMED_BUILDING',				Null),
('MODIFIER_BUILDING_ART_ASSOCIATION_AUTO_THEMED',	'MODIFIER_PLAYER_ADJUST_AUTO_THEMED_BUILDING',				Null),
('MODIFIER_BUILDING_PHOTOSTUDIO_AUTO_THEMED',		'MODIFIER_PLAYER_ADJUST_AUTO_THEMED_BUILDING',				Null),
('MODIFIER_BUILDING_FILM_STUDIO_AUTO_THEMED',		'MODIFIER_PLAYER_ADJUST_AUTO_THEMED_BUILDING',				Null),
('MODIFIER_BUILDING_CINEMA_AUTO_THEMED',			'MODIFIER_PLAYER_ADJUST_AUTO_THEMED_BUILDING',				Null),

('MODIFIER_GA_AMPHITHEATER_CITIZEN_YIELD',			'MODIFIER_SINGLE_CITY_ADJUST_CITY_YIELD_PER_POPULATION',	Null),
('MODIFIER_GA_TAMPLE_STAGE_PLOT_CULTURE_1',			'MODIFIER_CITY_PLOT_YIELDS_ADJUST_PLOT_YIELD',				'REQSET_GA_PLOT_NEAR_THEATER'),
('MODIFIER_GA_TAMPLE_STAGE_PLOT_FAITH_1',			'MODIFIER_CITY_PLOT_YIELDS_ADJUST_PLOT_YIELD',				'REQSET_GA_PLOT_NEAR_THEATER'),
('MODIFIER_GA_TAMPLE_STAGE_PLOT_CULTURE_2',			'MODIFIER_CITY_PLOT_YIELDS_ADJUST_PLOT_YIELD',				'REQSET_GA_PLOT_NEAR_THEATER_AND_THEATER_NEAR_HOLY_SITE'),
('MODIFIER_GA_TAMPLE_STAGE_PLOT_FAITH_2',			'MODIFIER_CITY_PLOT_YIELDS_ADJUST_PLOT_YIELD',				'REQSET_GA_PLOT_NEAR_THEATER_AND_THEATER_NEAR_HOLY_SITE'),

('MODIFIER_GA_MUSEUM_ART_GW_YIELD_SCULPTURE',		'MODIFIER_PLAYER_CITIES_ADJUST_GREATWORK_YIELD',			Null),
('MODIFIER_GA_MUSEUM_ART_GW_YIELD_PORTRAIT',		'MODIFIER_PLAYER_CITIES_ADJUST_GREATWORK_YIELD',			Null),
('MODIFIER_GA_MUSEUM_ART_GW_YIELD_LANDSCAPE',		'MODIFIER_PLAYER_CITIES_ADJUST_GREATWORK_YIELD',			Null),
('MODIFIER_GA_MUSEUM_ART_GW_YIELD_RELIGIOUS',		'MODIFIER_PLAYER_CITIES_ADJUST_GREATWORK_YIELD',			Null),
('MODIFIER_GA_MUSEUM_ARTIFACT_GW_YIELD_ARTIFACT',	'MODIFIER_PLAYER_CITIES_ADJUST_GREATWORK_YIELD',			Null),
('MODIFIER_GA_THERTERMUSEUM_GW_YIELD_MUSIC',		'MODIFIER_PLAYER_CITIES_ADJUST_GREATWORK_YIELD',			Null),
('MODIFIER_GA_LIBRARYMUSEUM_GW_YIELD_WRITING',		'MODIFIER_PLAYER_CITIES_ADJUST_GREATWORK_YIELD',			Null),

('MODIFIER_GA_OPERA_HOUSE_TOURISM_MUSIC',			'MODIFIER_PLAYER_CITIES_ADJUST_TOURISM',	Null),
('MODIFIER_GA_OPERA_HOUSE_TOURISM_MUSIC_0',			'MODIFIER_SINGLE_CITY_ADJUST_TOURISM',	Null),
('MODIFIER_GA_OPERA_HOUSE_TOURISM_MUSIC_10',		'MODIFIER_SINGLE_CITY_ADJUST_TOURISM',	'GOLDEN_CITY_HAS_TEN_POPULATION_REQUIREMENTS' ),
('MODIFIER_GA_OPERA_HOUSE_TOURISM_MUSIC_20',		'MODIFIER_SINGLE_CITY_ADJUST_TOURISM',	'GOLDEN_CITY_HAS_TWENTY_POPULATION_REQUIREMENTS'),
('MODIFIER_GA_OPERA_HOUSE_TOURISM_MUSIC_30',		'MODIFIER_SINGLE_CITY_ADJUST_TOURISM',	'GOLDEN_CITY_HAS_THIRTY_POPULATION_REQUIREMENTS'),
('MODIFIER_GA_OPERA_HOUSE_TOURISM_MUSIC_40',		'MODIFIER_SINGLE_CITY_ADJUST_TOURISM',	'GOLDEN_CITY_HAS_FOURTY_POPULATION_REQUIREMENTS' ),
('MODIFIER_GA_OPERA_HOUSE_TOURISM_MUSIC_50',		'MODIFIER_SINGLE_CITY_ADJUST_TOURISM',	'GOLDEN_CITY_HAS_FIFTY_POPULATION_REQUIREMENTS'),
('MODIFIER_GA_OPERA_HOUSE_TOURISM_MUSIC_60',		'MODIFIER_SINGLE_CITY_ADJUST_TOURISM',	'GOLDEN_CITY_HAS_SIXTY_POPULATION_REQUIREMENTS'),
('MODIFIER_GA_OPERA_HOUSE_TOURISM_MUSIC_70',		'MODIFIER_SINGLE_CITY_ADJUST_TOURISM',	'GOLDEN_CITY_HAS_SEVENTY_POPULATION_REQUIREMENTS'),
('MODIFIER_GA_OPERA_HOUSE_TOURISM_MUSIC_80',		'MODIFIER_SINGLE_CITY_ADJUST_TOURISM',	'GOLDEN_CITY_HAS_EIGHTY_POPULATION_REQUIREMENTS'),
('MODIFIER_GA_OPERA_HOUSE_TOURISM_MUSIC_90',		'MODIFIER_SINGLE_CITY_ADJUST_TOURISM',	'GOLDEN_CITY_HAS_NINETY_POPULATION_REQUIREMENTS'),
('MODIFIER_GA_OPERA_HOUSE_TOURISM_MUSIC_100',		'MODIFIER_SINGLE_CITY_ADJUST_TOURISM',	'GOLDEN_CITY_HAS_HUNDRED_POPULATION_REQUIREMENTS'),

('MODIFIER_GA_OPERA_HOUSE_TOURISM_WRITING',			'MODIFIER_PLAYER_CITIES_ADJUST_TOURISM',	Null),
('MODIFIER_GA_OPERA_HOUSE_TOURISM_WRITING_0',		'MODIFIER_SINGLE_CITY_ADJUST_TOURISM',	Null),
('MODIFIER_GA_OPERA_HOUSE_TOURISM_WRITING_10',		'MODIFIER_SINGLE_CITY_ADJUST_TOURISM',	'GOLDEN_CITY_HAS_TEN_POPULATION_REQUIREMENTS' ),
('MODIFIER_GA_OPERA_HOUSE_TOURISM_WRITING_20',		'MODIFIER_SINGLE_CITY_ADJUST_TOURISM',	'GOLDEN_CITY_HAS_TWENTY_POPULATION_REQUIREMENTS'),
('MODIFIER_GA_OPERA_HOUSE_TOURISM_WRITING_30',		'MODIFIER_SINGLE_CITY_ADJUST_TOURISM',	'GOLDEN_CITY_HAS_THIRTY_POPULATION_REQUIREMENTS'),
('MODIFIER_GA_OPERA_HOUSE_TOURISM_WRITING_40',		'MODIFIER_SINGLE_CITY_ADJUST_TOURISM',	'GOLDEN_CITY_HAS_FOURTY_POPULATION_REQUIREMENTS'),
('MODIFIER_GA_OPERA_HOUSE_TOURISM_WRITING_50',		'MODIFIER_SINGLE_CITY_ADJUST_TOURISM',	'GOLDEN_CITY_HAS_FIFTY_POPULATION_REQUIREMENTS'),
('MODIFIER_GA_OPERA_HOUSE_TOURISM_WRITING_60',		'MODIFIER_SINGLE_CITY_ADJUST_TOURISM',	'GOLDEN_CITY_HAS_SIXTY_POPULATION_REQUIREMENTS'),
('MODIFIER_GA_OPERA_HOUSE_TOURISM_WRITING_70',		'MODIFIER_SINGLE_CITY_ADJUST_TOURISM',	'GOLDEN_CITY_HAS_SEVENTY_POPULATION_REQUIREMENTS'),
('MODIFIER_GA_OPERA_HOUSE_TOURISM_WRITING_80',		'MODIFIER_SINGLE_CITY_ADJUST_TOURISM',	'GOLDEN_CITY_HAS_EIGHTY_POPULATION_REQUIREMENTS'),
('MODIFIER_GA_OPERA_HOUSE_TOURISM_WRITING_90',		'MODIFIER_SINGLE_CITY_ADJUST_TOURISM',	'GOLDEN_CITY_HAS_NINETY_POPULATION_REQUIREMENTS'),
('MODIFIER_GA_OPERA_HOUSE_TOURISM_WRITING_100',		'MODIFIER_SINGLE_CITY_ADJUST_TOURISM',	'GOLDEN_CITY_HAS_HUNDRED_POPULATION_REQUIREMENTS'),

('MODIFIER_GA_ART_ASSOCIATION_TOURISM_SCULPTURE',			'MODIFIER_PLAYER_CITIES_ADJUST_TOURISM',	Null),
('MODIFIER_GA_ART_ASSOCIATION_TOURISM_SCULPTURE_0',			'MODIFIER_SINGLE_CITY_ADJUST_TOURISM',	Null),
('MODIFIER_GA_ART_ASSOCIATION_TOURISM_SCULPTURE_10',		'MODIFIER_SINGLE_CITY_ADJUST_TOURISM',	'GOLDEN_CITY_HAS_TEN_POPULATION_REQUIREMENTS' ),
('MODIFIER_GA_ART_ASSOCIATION_TOURISM_SCULPTURE_20',		'MODIFIER_SINGLE_CITY_ADJUST_TOURISM',	'GOLDEN_CITY_HAS_TWENTY_POPULATION_REQUIREMENTS'),
('MODIFIER_GA_ART_ASSOCIATION_TOURISM_SCULPTURE_30',		'MODIFIER_SINGLE_CITY_ADJUST_TOURISM',	'GOLDEN_CITY_HAS_THIRTY_POPULATION_REQUIREMENTS'),
('MODIFIER_GA_ART_ASSOCIATION_TOURISM_SCULPTURE_40',		'MODIFIER_SINGLE_CITY_ADJUST_TOURISM',	'GOLDEN_CITY_HAS_FOURTY_POPULATION_REQUIREMENTS'),
('MODIFIER_GA_ART_ASSOCIATION_TOURISM_SCULPTURE_50',		'MODIFIER_SINGLE_CITY_ADJUST_TOURISM',	'GOLDEN_CITY_HAS_FIFTY_POPULATION_REQUIREMENTS'),
('MODIFIER_GA_ART_ASSOCIATION_TOURISM_SCULPTURE_60',		'MODIFIER_SINGLE_CITY_ADJUST_TOURISM',	'GOLDEN_CITY_HAS_SIXTY_POPULATION_REQUIREMENTS'),
('MODIFIER_GA_ART_ASSOCIATION_TOURISM_SCULPTURE_70',		'MODIFIER_SINGLE_CITY_ADJUST_TOURISM',	'GOLDEN_CITY_HAS_SEVENTY_POPULATION_REQUIREMENTS'),
('MODIFIER_GA_ART_ASSOCIATION_TOURISM_SCULPTURE_80',		'MODIFIER_SINGLE_CITY_ADJUST_TOURISM',	'GOLDEN_CITY_HAS_EIGHTY_POPULATION_REQUIREMENTS'),
('MODIFIER_GA_ART_ASSOCIATION_TOURISM_SCULPTURE_90',		'MODIFIER_SINGLE_CITY_ADJUST_TOURISM',	'GOLDEN_CITY_HAS_NINETY_POPULATION_REQUIREMENTS'),
('MODIFIER_GA_ART_ASSOCIATION_TOURISM_SCULPTURE_100',		'MODIFIER_SINGLE_CITY_ADJUST_TOURISM',	'GOLDEN_CITY_HAS_HUNDRED_POPULATION_REQUIREMENTS'),

('MODIFIER_GA_ART_ASSOCIATION_TOURISM_PORTRAIT',		'MODIFIER_PLAYER_CITIES_ADJUST_TOURISM',	Null),
('MODIFIER_GA_ART_ASSOCIATION_TOURISM_PORTRAIT_0',		'MODIFIER_SINGLE_CITY_ADJUST_TOURISM',	Null ),
('MODIFIER_GA_ART_ASSOCIATION_TOURISM_PORTRAIT_10',		'MODIFIER_SINGLE_CITY_ADJUST_TOURISM',	'GOLDEN_CITY_HAS_TEN_POPULATION_REQUIREMENTS' ),
('MODIFIER_GA_ART_ASSOCIATION_TOURISM_PORTRAIT_20',		'MODIFIER_SINGLE_CITY_ADJUST_TOURISM',	'GOLDEN_CITY_HAS_TWENTY_POPULATION_REQUIREMENTS'),
('MODIFIER_GA_ART_ASSOCIATION_TOURISM_PORTRAIT_30',		'MODIFIER_SINGLE_CITY_ADJUST_TOURISM',	'GOLDEN_CITY_HAS_THIRTY_POPULATION_REQUIREMENTS'),
('MODIFIER_GA_ART_ASSOCIATION_TOURISM_PORTRAIT_40',		'MODIFIER_SINGLE_CITY_ADJUST_TOURISM',	'GOLDEN_CITY_HAS_FOURTY_POPULATION_REQUIREMENTS'),
('MODIFIER_GA_ART_ASSOCIATION_TOURISM_PORTRAIT_50',		'MODIFIER_SINGLE_CITY_ADJUST_TOURISM',	'GOLDEN_CITY_HAS_FIFTY_POPULATION_REQUIREMENTS'),
('MODIFIER_GA_ART_ASSOCIATION_TOURISM_PORTRAIT_60',		'MODIFIER_SINGLE_CITY_ADJUST_TOURISM',	'GOLDEN_CITY_HAS_SIXTY_POPULATION_REQUIREMENTS'),
('MODIFIER_GA_ART_ASSOCIATION_TOURISM_PORTRAIT_70',		'MODIFIER_SINGLE_CITY_ADJUST_TOURISM',	'GOLDEN_CITY_HAS_SEVENTY_POPULATION_REQUIREMENTS'),
('MODIFIER_GA_ART_ASSOCIATION_TOURISM_PORTRAIT_80',		'MODIFIER_SINGLE_CITY_ADJUST_TOURISM',	'GOLDEN_CITY_HAS_EIGHTY_POPULATION_REQUIREMENTS'),
('MODIFIER_GA_ART_ASSOCIATION_TOURISM_PORTRAIT_90',		'MODIFIER_SINGLE_CITY_ADJUST_TOURISM',	'GOLDEN_CITY_HAS_NINETY_POPULATION_REQUIREMENTS'),
('MODIFIER_GA_ART_ASSOCIATION_TOURISM_PORTRAIT_100',	'MODIFIER_SINGLE_CITY_ADJUST_TOURISM',	'GOLDEN_CITY_HAS_HUNDRED_POPULATION_REQUIREMENTS'),

('MODIFIER_GA_ART_ASSOCIATION_TOURISM_LANDSCAPE',			'MODIFIER_PLAYER_CITIES_ADJUST_TOURISM',	Null),
('MODIFIER_GA_ART_ASSOCIATION_TOURISM_LANDSCAPE_0',			'MODIFIER_SINGLE_CITY_ADJUST_TOURISM',	Null ),
('MODIFIER_GA_ART_ASSOCIATION_TOURISM_LANDSCAPE_10',		'MODIFIER_SINGLE_CITY_ADJUST_TOURISM',	'GOLDEN_CITY_HAS_TEN_POPULATION_REQUIREMENTS' ),
('MODIFIER_GA_ART_ASSOCIATION_TOURISM_LANDSCAPE_20',		'MODIFIER_SINGLE_CITY_ADJUST_TOURISM',	'GOLDEN_CITY_HAS_TWENTY_POPULATION_REQUIREMENTS'),
('MODIFIER_GA_ART_ASSOCIATION_TOURISM_LANDSCAPE_30',		'MODIFIER_SINGLE_CITY_ADJUST_TOURISM',	'GOLDEN_CITY_HAS_THIRTY_POPULATION_REQUIREMENTS'),
('MODIFIER_GA_ART_ASSOCIATION_TOURISM_LANDSCAPE_40',		'MODIFIER_SINGLE_CITY_ADJUST_TOURISM',	'GOLDEN_CITY_HAS_FOURTY_POPULATION_REQUIREMENTS'),
('MODIFIER_GA_ART_ASSOCIATION_TOURISM_LANDSCAPE_50',		'MODIFIER_SINGLE_CITY_ADJUST_TOURISM',	'GOLDEN_CITY_HAS_FIFTY_POPULATION_REQUIREMENTS'),
('MODIFIER_GA_ART_ASSOCIATION_TOURISM_LANDSCAPE_60',		'MODIFIER_SINGLE_CITY_ADJUST_TOURISM',	'GOLDEN_CITY_HAS_SIXTY_POPULATION_REQUIREMENTS'),
('MODIFIER_GA_ART_ASSOCIATION_TOURISM_LANDSCAPE_70',		'MODIFIER_SINGLE_CITY_ADJUST_TOURISM',	'GOLDEN_CITY_HAS_SEVENTY_POPULATION_REQUIREMENTS'),
('MODIFIER_GA_ART_ASSOCIATION_TOURISM_LANDSCAPE_80',		'MODIFIER_SINGLE_CITY_ADJUST_TOURISM',	'GOLDEN_CITY_HAS_EIGHTY_POPULATION_REQUIREMENTS'),
('MODIFIER_GA_ART_ASSOCIATION_TOURISM_LANDSCAPE_90',		'MODIFIER_SINGLE_CITY_ADJUST_TOURISM',	'GOLDEN_CITY_HAS_NINETY_POPULATION_REQUIREMENTS'),
('MODIFIER_GA_ART_ASSOCIATION_TOURISM_LANDSCAPE_100',		'MODIFIER_SINGLE_CITY_ADJUST_TOURISM',	'GOLDEN_CITY_HAS_HUNDRED_POPULATION_REQUIREMENTS'),

('MODIFIER_GA_ART_ASSOCIATION_TOURISM_RELIGIOUS',			'MODIFIER_PLAYER_CITIES_ADJUST_TOURISM',	Null),
('MODIFIER_GA_ART_ASSOCIATION_TOURISM_RELIGIOUS_0',			'MODIFIER_SINGLE_CITY_ADJUST_TOURISM',	Null ),
('MODIFIER_GA_ART_ASSOCIATION_TOURISM_RELIGIOUS_10',		'MODIFIER_SINGLE_CITY_ADJUST_TOURISM',	'GOLDEN_CITY_HAS_TEN_POPULATION_REQUIREMENTS' ),
('MODIFIER_GA_ART_ASSOCIATION_TOURISM_RELIGIOUS_20',		'MODIFIER_SINGLE_CITY_ADJUST_TOURISM',	'GOLDEN_CITY_HAS_TWENTY_POPULATION_REQUIREMENTS'),
('MODIFIER_GA_ART_ASSOCIATION_TOURISM_RELIGIOUS_30',		'MODIFIER_SINGLE_CITY_ADJUST_TOURISM',	'GOLDEN_CITY_HAS_THIRTY_POPULATION_REQUIREMENTS'),
('MODIFIER_GA_ART_ASSOCIATION_TOURISM_RELIGIOUS_40',		'MODIFIER_SINGLE_CITY_ADJUST_TOURISM',	'GOLDEN_CITY_HAS_FOURTY_POPULATION_REQUIREMENTS'),
('MODIFIER_GA_ART_ASSOCIATION_TOURISM_RELIGIOUS_50',		'MODIFIER_SINGLE_CITY_ADJUST_TOURISM',	'GOLDEN_CITY_HAS_FIFTY_POPULATION_REQUIREMENTS'),
('MODIFIER_GA_ART_ASSOCIATION_TOURISM_RELIGIOUS_60',		'MODIFIER_SINGLE_CITY_ADJUST_TOURISM',	'GOLDEN_CITY_HAS_SIXTY_POPULATION_REQUIREMENTS'),
('MODIFIER_GA_ART_ASSOCIATION_TOURISM_RELIGIOUS_70',		'MODIFIER_SINGLE_CITY_ADJUST_TOURISM',	'GOLDEN_CITY_HAS_SEVENTY_POPULATION_REQUIREMENTS'),
('MODIFIER_GA_ART_ASSOCIATION_TOURISM_RELIGIOUS_80',		'MODIFIER_SINGLE_CITY_ADJUST_TOURISM',	'GOLDEN_CITY_HAS_EIGHTY_POPULATION_REQUIREMENTS'),
('MODIFIER_GA_ART_ASSOCIATION_TOURISM_RELIGIOUS_90',		'MODIFIER_SINGLE_CITY_ADJUST_TOURISM',	'GOLDEN_CITY_HAS_NINETY_POPULATION_REQUIREMENTS'),
('MODIFIER_GA_ART_ASSOCIATION_TOURISM_RELIGIOUS_100',		'MODIFIER_SINGLE_CITY_ADJUST_TOURISM',	'GOLDEN_CITY_HAS_HUNDRED_POPULATION_REQUIREMENTS'),

('MODIFIER_GA_ART_ASSOCIATION_TOURISM_ARTIFACT',		'MODIFIER_PLAYER_CITIES_ADJUST_TOURISM',	Null),
('MODIFIER_GA_ART_ASSOCIATION_TOURISM_ARTIFACT_0',		'MODIFIER_SINGLE_CITY_ADJUST_TOURISM',	Null),
('MODIFIER_GA_ART_ASSOCIATION_TOURISM_ARTIFACT_10',		'MODIFIER_SINGLE_CITY_ADJUST_TOURISM',	'GOLDEN_CITY_HAS_TEN_POPULATION_REQUIREMENTS' ),
('MODIFIER_GA_ART_ASSOCIATION_TOURISM_ARTIFACT_20',		'MODIFIER_SINGLE_CITY_ADJUST_TOURISM',	'GOLDEN_CITY_HAS_TWENTY_POPULATION_REQUIREMENTS'),
('MODIFIER_GA_ART_ASSOCIATION_TOURISM_ARTIFACT_30',		'MODIFIER_SINGLE_CITY_ADJUST_TOURISM',	'GOLDEN_CITY_HAS_THIRTY_POPULATION_REQUIREMENTS'),
('MODIFIER_GA_ART_ASSOCIATION_TOURISM_ARTIFACT_40',		'MODIFIER_SINGLE_CITY_ADJUST_TOURISM',	'GOLDEN_CITY_HAS_FOURTY_POPULATION_REQUIREMENTS'),
('MODIFIER_GA_ART_ASSOCIATION_TOURISM_ARTIFACT_50',		'MODIFIER_SINGLE_CITY_ADJUST_TOURISM',	'GOLDEN_CITY_HAS_FIFTY_POPULATION_REQUIREMENTS'),
('MODIFIER_GA_ART_ASSOCIATION_TOURISM_ARTIFACT_60',		'MODIFIER_SINGLE_CITY_ADJUST_TOURISM',	'GOLDEN_CITY_HAS_SIXTY_POPULATION_REQUIREMENTS'),
('MODIFIER_GA_ART_ASSOCIATION_TOURISM_ARTIFACT_70',		'MODIFIER_SINGLE_CITY_ADJUST_TOURISM',	'GOLDEN_CITY_HAS_SEVENTY_POPULATION_REQUIREMENTS'),
('MODIFIER_GA_ART_ASSOCIATION_TOURISM_ARTIFACT_80',		'MODIFIER_SINGLE_CITY_ADJUST_TOURISM',	'GOLDEN_CITY_HAS_EIGHTY_POPULATION_REQUIREMENTS'),
('MODIFIER_GA_ART_ASSOCIATION_TOURISM_ARTIFACT_90',		'MODIFIER_SINGLE_CITY_ADJUST_TOURISM',	'GOLDEN_CITY_HAS_NINETY_POPULATION_REQUIREMENTS'),
('MODIFIER_GA_ART_ASSOCIATION_TOURISM_ARTIFACT_100',	'MODIFIER_SINGLE_CITY_ADJUST_TOURISM',	'GOLDEN_CITY_HAS_HUNDRED_POPULATION_REQUIREMENTS'),

('MODIFIER_GA_BROADCAST_CENTER_TRADE_ROUTE_TOURISM_MODIFIER',		'MODIFIER_PLAYER_ADJUST_TRADE_ROUTE_TOURISM_MODIFIER',	Null),
('MODIFIER_GA_BROADCAST_CENTER_IMPROVEMENT_TOURISM',				'MODIFIER_SINGLE_CITY_ADJUST_IMPROVEMENT_TOURISM',		Null),
('MODIFIER_GA_BROADCAST_CENTER_IMPROVEMENT_TOURISM_APPEAL2',		'MODIFIER_SINGLE_CITY_ADJUST_IMPROVEMENT_TOURISM',		'REQSET_GA_PLOT_APPEAL_2'),
('MODIFIER_GA_BROADCAST_CENTER_IMPROVEMENT_TOURISM_APPEAL4',		'MODIFIER_SINGLE_CITY_ADJUST_IMPROVEMENT_TOURISM',		'REQSET_GA_PLOT_APPEAL_4'),

('MODIFIER_GA_PHOTOSTUDIO_TOURISM_NATIONAL_PARK_CIV',				'MODIFIER_PLAYER_ADJUST_TOURISM_FROM_NATIONAL_PARKS',		Null),
('MODIFIER_GA_PHOTOSTUDIO_TOURISM_NATIONAL_PARK_SINGLE',			'MODIFIER_SINGLE_CITY_ADJUST_NATIONAL_PARK_TOURISM',		Null),
('MODIFIER_GA_PHOTOSTUDIO_TOURISM_NATIONAL_PARK_SINGLE_AP2',		'MODIFIER_SINGLE_CITY_ADJUST_NATIONAL_PARK_TOURISM',		'REQSET_GA_PLOT_APPEAL_2'),
('MODIFIER_GA_PHOTOSTUDIO_TOURISM_NATIONAL_PARK_SINGLE_AP4',		'MODIFIER_SINGLE_CITY_ADJUST_NATIONAL_PARK_TOURISM',		'REQSET_GA_PLOT_APPEAL_4'),

('MODIFIER_GA_PHOTOSTUDIO_TOURISM_WORLDWONDER_CIV',				'MODIFIER_PLAYER_CITIES_ADJUST_TOURISM',	Null),
('MODIFIER_GA_PHOTOSTUDIO_TOURISM_WORLDWONDER_SINGLE',			'MODIFIER_SINGLE_CITY_ADJUST_TOURISM',		Null),
('MODIFIER_GA_PHOTOSTUDIO_TOURISM_WORLDWONDER_SINGLE_AP2',		'MODIFIER_SINGLE_CITY_ADJUST_TOURISM',		'REQSET_GA_PLOT_APPEAL_2'),
('MODIFIER_GA_PHOTOSTUDIO_TOURISM_WORLDWONDER_SINGLE_AP4',		'MODIFIER_SINGLE_CITY_ADJUST_TOURISM',		'REQSET_GA_PLOT_APPEAL_4'),

-- ('MODIFIER_GA_CONCERT_HALL_IDENTITY',		'MODIFIER_GA_PLAYER_ADJUST_IDENTITY_PER_TURN_FROM_NEARBY_WONDERS',	Null),
-- ('MODIFIER_GA_WE_MEDIA_IDENTITY',			'MODIFIER_PLAYER_ADJUST_IDENTITY_PER_TURN_FROM_NEARBY_GREAT_WORKS',	Null),
('MODIFIER_GA_CINEMA_TOURISM',				'MODIFIER_PLAYER_ADJUST_TOURISM',									Null);
--=====
--ModifierArguments
--=====
INSERT OR REPLACE INTO ModifierArguments
(ModifierId,										Name,					Value)
VALUES
('MODIFIER_BUILDING_BROADCAST_CENTER_AUTO_THEMED',	'BuildingType',			'BUILDING_BROADCAST_CENTER'),
('MODIFIER_BUILDING_OPERA_HOUSE_AUTO_THEMED',		'BuildingType',			'BUILDING_OPERA_HOUSE'),
('MODIFIER_BUILDING_ART_ASSOCIATION_AUTO_THEMED',	'BuildingType',			'BUILDING_ART_ASSOCIATION'),
('MODIFIER_BUILDING_PHOTOSTUDIO_AUTO_THEMED',		'BuildingType',			'BUILDING_PHOTOSTUDIO'),
('MODIFIER_BUILDING_FILM_STUDIO_AUTO_THEMED',		'BuildingType',			'BUILDING_FILM_STUDIO'),
('MODIFIER_BUILDING_CINEMA_AUTO_THEMED',			'BuildingType',			'BUILDING_CINEMA'),
		
('MODIFIER_GA_AMPHITHEATER_CITIZEN_YIELD',			'YieldType',			'YIELD_CULTURE'),
('MODIFIER_GA_AMPHITHEATER_CITIZEN_YIELD',			'Amount',				1),
('MODIFIER_GA_TAMPLE_STAGE_PLOT_CULTURE_1',			'YieldType',			'YIELD_CULTURE'),
('MODIFIER_GA_TAMPLE_STAGE_PLOT_CULTURE_1',			'Amount',				1),
('MODIFIER_GA_TAMPLE_STAGE_PLOT_FAITH_1',			'YieldType',			'YIELD_FAITH'),
('MODIFIER_GA_TAMPLE_STAGE_PLOT_FAITH_1',			'Amount',				1),
('MODIFIER_GA_TAMPLE_STAGE_PLOT_CULTURE_2',			'YieldType',			'YIELD_CULTURE'),
('MODIFIER_GA_TAMPLE_STAGE_PLOT_CULTURE_2',			'Amount',				1),
('MODIFIER_GA_TAMPLE_STAGE_PLOT_FAITH_2',			'YieldType',			'YIELD_FAITH'),
('MODIFIER_GA_TAMPLE_STAGE_PLOT_FAITH_2',			'Amount',				1),
('MODIFIER_GA_MUSEUM_ART_GW_YIELD_SCULPTURE',		'GreatWorkObjectType',	'GREATWORKOBJECT_SCULPTURE'),
('MODIFIER_GA_MUSEUM_ART_GW_YIELD_SCULPTURE',		'YieldType',			'YIELD_CULTURE'),
('MODIFIER_GA_MUSEUM_ART_GW_YIELD_SCULPTURE',		'Amount',				1),
('MODIFIER_GA_MUSEUM_ART_GW_YIELD_PORTRAIT',		'GreatWorkObjectType',	'GREATWORKOBJECT_PORTRAIT'),
('MODIFIER_GA_MUSEUM_ART_GW_YIELD_PORTRAIT',		'YieldType',			'YIELD_CULTURE'),
('MODIFIER_GA_MUSEUM_ART_GW_YIELD_PORTRAIT',		'Amount',				1),
('MODIFIER_GA_MUSEUM_ART_GW_YIELD_LANDSCAPE',		'GreatWorkObjectType',	'GREATWORKOBJECT_LANDSCAPE'),
('MODIFIER_GA_MUSEUM_ART_GW_YIELD_LANDSCAPE',		'YieldType',			'YIELD_CULTURE'),
('MODIFIER_GA_MUSEUM_ART_GW_YIELD_LANDSCAPE',		'Amount',				1),
('MODIFIER_GA_MUSEUM_ART_GW_YIELD_RELIGIOUS',		'GreatWorkObjectType',	'GREATWORKOBJECT_RELIGIOUS'),
('MODIFIER_GA_MUSEUM_ART_GW_YIELD_RELIGIOUS',		'YieldType',			'YIELD_CULTURE'),
('MODIFIER_GA_MUSEUM_ART_GW_YIELD_RELIGIOUS',		'Amount',				1),
('MODIFIER_GA_MUSEUM_ARTIFACT_GW_YIELD_ARTIFACT',	'GreatWorkObjectType',	'GREATWORKOBJECT_ARTIFACT'),
('MODIFIER_GA_MUSEUM_ARTIFACT_GW_YIELD_ARTIFACT',	'YieldType',			'YIELD_CULTURE'),
('MODIFIER_GA_MUSEUM_ARTIFACT_GW_YIELD_ARTIFACT',	'Amount',				1),
('MODIFIER_GA_THERTERMUSEUM_GW_YIELD_MUSIC',		'GreatWorkObjectType',	'GREATWORKOBJECT_MUSIC'),
('MODIFIER_GA_THERTERMUSEUM_GW_YIELD_MUSIC',		'YieldType',			'YIELD_CULTURE'),
('MODIFIER_GA_THERTERMUSEUM_GW_YIELD_MUSIC',		'Amount',				1),
('MODIFIER_GA_LIBRARYMUSEUM_GW_YIELD_WRITING',		'GreatWorkObjectType',	'GREATWORKOBJECT_WRITING'),
('MODIFIER_GA_LIBRARYMUSEUM_GW_YIELD_WRITING',		'YieldType',			'YIELD_CULTURE'),
('MODIFIER_GA_LIBRARYMUSEUM_GW_YIELD_WRITING',		'Amount',				1),

('MODIFIER_GA_OPERA_HOUSE_TOURISM_MUSIC',				'GreatWorkObjectType',	'GREATWORKOBJECT_MUSIC'),
('MODIFIER_GA_OPERA_HOUSE_TOURISM_MUSIC_0',				'GreatWorkObjectType',	'GREATWORKOBJECT_MUSIC'),
('MODIFIER_GA_OPERA_HOUSE_TOURISM_MUSIC_10',			'GreatWorkObjectType',	'GREATWORKOBJECT_MUSIC'),
('MODIFIER_GA_OPERA_HOUSE_TOURISM_MUSIC_20',			'GreatWorkObjectType',	'GREATWORKOBJECT_MUSIC'),
('MODIFIER_GA_OPERA_HOUSE_TOURISM_MUSIC_30',			'GreatWorkObjectType',	'GREATWORKOBJECT_MUSIC'),
('MODIFIER_GA_OPERA_HOUSE_TOURISM_MUSIC_40',			'GreatWorkObjectType',	'GREATWORKOBJECT_MUSIC'),
('MODIFIER_GA_OPERA_HOUSE_TOURISM_MUSIC_50',			'GreatWorkObjectType',	'GREATWORKOBJECT_MUSIC'),
('MODIFIER_GA_OPERA_HOUSE_TOURISM_MUSIC_60',			'GreatWorkObjectType',	'GREATWORKOBJECT_MUSIC'),
('MODIFIER_GA_OPERA_HOUSE_TOURISM_MUSIC_70',			'GreatWorkObjectType',	'GREATWORKOBJECT_MUSIC'),
('MODIFIER_GA_OPERA_HOUSE_TOURISM_MUSIC_80',			'GreatWorkObjectType',	'GREATWORKOBJECT_MUSIC'),
('MODIFIER_GA_OPERA_HOUSE_TOURISM_MUSIC_90',			'GreatWorkObjectType',	'GREATWORKOBJECT_MUSIC'),
('MODIFIER_GA_OPERA_HOUSE_TOURISM_MUSIC_100',			'GreatWorkObjectType',	'GREATWORKOBJECT_MUSIC'),
('MODIFIER_GA_OPERA_HOUSE_TOURISM_WRITING',				'GreatWorkObjectType',	'GREATWORKOBJECT_WRITING'),
('MODIFIER_GA_OPERA_HOUSE_TOURISM_WRITING_0',			'GreatWorkObjectType',	'GREATWORKOBJECT_WRITING'),
('MODIFIER_GA_OPERA_HOUSE_TOURISM_WRITING_10',			'GreatWorkObjectType',	'GREATWORKOBJECT_WRITING'),
('MODIFIER_GA_OPERA_HOUSE_TOURISM_WRITING_20',			'GreatWorkObjectType',	'GREATWORKOBJECT_WRITING'),
('MODIFIER_GA_OPERA_HOUSE_TOURISM_WRITING_30',			'GreatWorkObjectType',	'GREATWORKOBJECT_WRITING'),
('MODIFIER_GA_OPERA_HOUSE_TOURISM_WRITING_40',			'GreatWorkObjectType',	'GREATWORKOBJECT_WRITING'),
('MODIFIER_GA_OPERA_HOUSE_TOURISM_WRITING_50',			'GreatWorkObjectType',	'GREATWORKOBJECT_WRITING'),
('MODIFIER_GA_OPERA_HOUSE_TOURISM_WRITING_60',			'GreatWorkObjectType',	'GREATWORKOBJECT_WRITING'),
('MODIFIER_GA_OPERA_HOUSE_TOURISM_WRITING_70',			'GreatWorkObjectType',	'GREATWORKOBJECT_WRITING'),
('MODIFIER_GA_OPERA_HOUSE_TOURISM_WRITING_80',			'GreatWorkObjectType',	'GREATWORKOBJECT_WRITING'),
('MODIFIER_GA_OPERA_HOUSE_TOURISM_WRITING_90',			'GreatWorkObjectType',	'GREATWORKOBJECT_WRITING'),
('MODIFIER_GA_OPERA_HOUSE_TOURISM_WRITING_100',			'GreatWorkObjectType',	'GREATWORKOBJECT_WRITING'),
('MODIFIER_GA_ART_ASSOCIATION_TOURISM_SCULPTURE',		'GreatWorkObjectType',	'GREATWORKOBJECT_SCULPTURE'),
('MODIFIER_GA_ART_ASSOCIATION_TOURISM_SCULPTURE_0',		'GreatWorkObjectType',	'GREATWORKOBJECT_SCULPTURE'),
('MODIFIER_GA_ART_ASSOCIATION_TOURISM_SCULPTURE_10',	'GreatWorkObjectType',	'GREATWORKOBJECT_SCULPTURE'),
('MODIFIER_GA_ART_ASSOCIATION_TOURISM_SCULPTURE_20',	'GreatWorkObjectType',	'GREATWORKOBJECT_SCULPTURE'),
('MODIFIER_GA_ART_ASSOCIATION_TOURISM_SCULPTURE_30',	'GreatWorkObjectType',	'GREATWORKOBJECT_SCULPTURE'),
('MODIFIER_GA_ART_ASSOCIATION_TOURISM_SCULPTURE_40',	'GreatWorkObjectType',	'GREATWORKOBJECT_SCULPTURE'),
('MODIFIER_GA_ART_ASSOCIATION_TOURISM_SCULPTURE_50',	'GreatWorkObjectType',	'GREATWORKOBJECT_SCULPTURE'),
('MODIFIER_GA_ART_ASSOCIATION_TOURISM_SCULPTURE_60',	'GreatWorkObjectType',	'GREATWORKOBJECT_SCULPTURE'),
('MODIFIER_GA_ART_ASSOCIATION_TOURISM_SCULPTURE_70',	'GreatWorkObjectType',	'GREATWORKOBJECT_SCULPTURE'),
('MODIFIER_GA_ART_ASSOCIATION_TOURISM_SCULPTURE_80',	'GreatWorkObjectType',	'GREATWORKOBJECT_SCULPTURE'),
('MODIFIER_GA_ART_ASSOCIATION_TOURISM_SCULPTURE_90',	'GreatWorkObjectType',	'GREATWORKOBJECT_SCULPTURE'),
('MODIFIER_GA_ART_ASSOCIATION_TOURISM_SCULPTURE_100',	'GreatWorkObjectType',	'GREATWORKOBJECT_SCULPTURE'),
('MODIFIER_GA_ART_ASSOCIATION_TOURISM_PORTRAIT',		'GreatWorkObjectType',	'GREATWORKOBJECT_PORTRAIT'),
('MODIFIER_GA_ART_ASSOCIATION_TOURISM_PORTRAIT_0',		'GreatWorkObjectType',	'GREATWORKOBJECT_PORTRAIT'),
('MODIFIER_GA_ART_ASSOCIATION_TOURISM_PORTRAIT_10',		'GreatWorkObjectType',	'GREATWORKOBJECT_PORTRAIT'),
('MODIFIER_GA_ART_ASSOCIATION_TOURISM_PORTRAIT_20',		'GreatWorkObjectType',	'GREATWORKOBJECT_PORTRAIT'),
('MODIFIER_GA_ART_ASSOCIATION_TOURISM_PORTRAIT_30',		'GreatWorkObjectType',	'GREATWORKOBJECT_PORTRAIT'),
('MODIFIER_GA_ART_ASSOCIATION_TOURISM_PORTRAIT_40',		'GreatWorkObjectType',	'GREATWORKOBJECT_PORTRAIT'),
('MODIFIER_GA_ART_ASSOCIATION_TOURISM_PORTRAIT_50',		'GreatWorkObjectType',	'GREATWORKOBJECT_PORTRAIT'),
('MODIFIER_GA_ART_ASSOCIATION_TOURISM_PORTRAIT_60',		'GreatWorkObjectType',	'GREATWORKOBJECT_PORTRAIT'),
('MODIFIER_GA_ART_ASSOCIATION_TOURISM_PORTRAIT_70',		'GreatWorkObjectType',	'GREATWORKOBJECT_PORTRAIT'),
('MODIFIER_GA_ART_ASSOCIATION_TOURISM_PORTRAIT_80',		'GreatWorkObjectType',	'GREATWORKOBJECT_PORTRAIT'),
('MODIFIER_GA_ART_ASSOCIATION_TOURISM_PORTRAIT_90',		'GreatWorkObjectType',	'GREATWORKOBJECT_PORTRAIT'),
('MODIFIER_GA_ART_ASSOCIATION_TOURISM_PORTRAIT_100',	'GreatWorkObjectType',	'GREATWORKOBJECT_PORTRAIT'),
('MODIFIER_GA_ART_ASSOCIATION_TOURISM_LANDSCAPE',		'GreatWorkObjectType',	'GREATWORKOBJECT_LANDSCAPE'),
('MODIFIER_GA_ART_ASSOCIATION_TOURISM_LANDSCAPE_0',		'GreatWorkObjectType',	'GREATWORKOBJECT_LANDSCAPE'),
('MODIFIER_GA_ART_ASSOCIATION_TOURISM_LANDSCAPE_10',	'GreatWorkObjectType',	'GREATWORKOBJECT_LANDSCAPE'),
('MODIFIER_GA_ART_ASSOCIATION_TOURISM_LANDSCAPE_20',	'GreatWorkObjectType',	'GREATWORKOBJECT_LANDSCAPE'),
('MODIFIER_GA_ART_ASSOCIATION_TOURISM_LANDSCAPE_30',	'GreatWorkObjectType',	'GREATWORKOBJECT_LANDSCAPE'),
('MODIFIER_GA_ART_ASSOCIATION_TOURISM_LANDSCAPE_40',	'GreatWorkObjectType',	'GREATWORKOBJECT_LANDSCAPE'),
('MODIFIER_GA_ART_ASSOCIATION_TOURISM_LANDSCAPE_50',	'GreatWorkObjectType',	'GREATWORKOBJECT_LANDSCAPE'),
('MODIFIER_GA_ART_ASSOCIATION_TOURISM_LANDSCAPE_60',	'GreatWorkObjectType',	'GREATWORKOBJECT_LANDSCAPE'),
('MODIFIER_GA_ART_ASSOCIATION_TOURISM_LANDSCAPE_70',	'GreatWorkObjectType',	'GREATWORKOBJECT_LANDSCAPE'),
('MODIFIER_GA_ART_ASSOCIATION_TOURISM_LANDSCAPE_80',	'GreatWorkObjectType',	'GREATWORKOBJECT_LANDSCAPE'),
('MODIFIER_GA_ART_ASSOCIATION_TOURISM_LANDSCAPE_90',	'GreatWorkObjectType',	'GREATWORKOBJECT_LANDSCAPE'),
('MODIFIER_GA_ART_ASSOCIATION_TOURISM_LANDSCAPE_100',	'GreatWorkObjectType',	'GREATWORKOBJECT_LANDSCAPE'),
('MODIFIER_GA_ART_ASSOCIATION_TOURISM_RELIGIOUS',		'GreatWorkObjectType',	'GREATWORKOBJECT_RELIGIOUS'),
('MODIFIER_GA_ART_ASSOCIATION_TOURISM_RELIGIOUS_0',		'GreatWorkObjectType',	'GREATWORKOBJECT_RELIGIOUS'),
('MODIFIER_GA_ART_ASSOCIATION_TOURISM_RELIGIOUS_10',	'GreatWorkObjectType',	'GREATWORKOBJECT_RELIGIOUS'),
('MODIFIER_GA_ART_ASSOCIATION_TOURISM_RELIGIOUS_20',	'GreatWorkObjectType',	'GREATWORKOBJECT_RELIGIOUS'),
('MODIFIER_GA_ART_ASSOCIATION_TOURISM_RELIGIOUS_30',	'GreatWorkObjectType',	'GREATWORKOBJECT_RELIGIOUS'),
('MODIFIER_GA_ART_ASSOCIATION_TOURISM_RELIGIOUS_40',	'GreatWorkObjectType',	'GREATWORKOBJECT_RELIGIOUS'),
('MODIFIER_GA_ART_ASSOCIATION_TOURISM_RELIGIOUS_50',	'GreatWorkObjectType',	'GREATWORKOBJECT_RELIGIOUS'),
('MODIFIER_GA_ART_ASSOCIATION_TOURISM_RELIGIOUS_60',	'GreatWorkObjectType',	'GREATWORKOBJECT_RELIGIOUS'),
('MODIFIER_GA_ART_ASSOCIATION_TOURISM_RELIGIOUS_70',	'GreatWorkObjectType',	'GREATWORKOBJECT_RELIGIOUS'),
('MODIFIER_GA_ART_ASSOCIATION_TOURISM_RELIGIOUS_80',	'GreatWorkObjectType',	'GREATWORKOBJECT_RELIGIOUS'),
('MODIFIER_GA_ART_ASSOCIATION_TOURISM_RELIGIOUS_90',	'GreatWorkObjectType',	'GREATWORKOBJECT_RELIGIOUS'),
('MODIFIER_GA_ART_ASSOCIATION_TOURISM_RELIGIOUS_100',	'GreatWorkObjectType',	'GREATWORKOBJECT_RELIGIOUS'),
('MODIFIER_GA_ART_ASSOCIATION_TOURISM_ARTIFACT',		'GreatWorkObjectType',	'GREATWORKOBJECT_ARTIFACT'),
('MODIFIER_GA_ART_ASSOCIATION_TOURISM_ARTIFACT_0',		'GreatWorkObjectType',	'GREATWORKOBJECT_ARTIFACT'),
('MODIFIER_GA_ART_ASSOCIATION_TOURISM_ARTIFACT_10',		'GreatWorkObjectType',	'GREATWORKOBJECT_ARTIFACT'),
('MODIFIER_GA_ART_ASSOCIATION_TOURISM_ARTIFACT_20',		'GreatWorkObjectType',	'GREATWORKOBJECT_ARTIFACT'),
('MODIFIER_GA_ART_ASSOCIATION_TOURISM_ARTIFACT_30',		'GreatWorkObjectType',	'GREATWORKOBJECT_ARTIFACT'),
('MODIFIER_GA_ART_ASSOCIATION_TOURISM_ARTIFACT_40',		'GreatWorkObjectType',	'GREATWORKOBJECT_ARTIFACT'),
('MODIFIER_GA_ART_ASSOCIATION_TOURISM_ARTIFACT_50',		'GreatWorkObjectType',	'GREATWORKOBJECT_ARTIFACT'),
('MODIFIER_GA_ART_ASSOCIATION_TOURISM_ARTIFACT_60',		'GreatWorkObjectType',	'GREATWORKOBJECT_ARTIFACT'),
('MODIFIER_GA_ART_ASSOCIATION_TOURISM_ARTIFACT_70',		'GreatWorkObjectType',	'GREATWORKOBJECT_ARTIFACT'),
('MODIFIER_GA_ART_ASSOCIATION_TOURISM_ARTIFACT_80',		'GreatWorkObjectType',	'GREATWORKOBJECT_ARTIFACT'),
('MODIFIER_GA_ART_ASSOCIATION_TOURISM_ARTIFACT_90',		'GreatWorkObjectType',	'GREATWORKOBJECT_ARTIFACT'),
('MODIFIER_GA_ART_ASSOCIATION_TOURISM_ARTIFACT_100',	'GreatWorkObjectType',	'GREATWORKOBJECT_ARTIFACT'),
('MODIFIER_GA_OPERA_HOUSE_TOURISM_MUSIC',				'ScalingFactor',	110),
('MODIFIER_GA_OPERA_HOUSE_TOURISM_MUSIC_0',				'ScalingFactor',	110),
('MODIFIER_GA_OPERA_HOUSE_TOURISM_MUSIC_10',			'ScalingFactor',	110),
('MODIFIER_GA_OPERA_HOUSE_TOURISM_MUSIC_20',			'ScalingFactor',	110),
('MODIFIER_GA_OPERA_HOUSE_TOURISM_MUSIC_30',			'ScalingFactor',	110),
('MODIFIER_GA_OPERA_HOUSE_TOURISM_MUSIC_40',			'ScalingFactor',	110),
('MODIFIER_GA_OPERA_HOUSE_TOURISM_MUSIC_50',			'ScalingFactor',	110),
('MODIFIER_GA_OPERA_HOUSE_TOURISM_MUSIC_60',			'ScalingFactor',	110),
('MODIFIER_GA_OPERA_HOUSE_TOURISM_MUSIC_70',			'ScalingFactor',	110),
('MODIFIER_GA_OPERA_HOUSE_TOURISM_MUSIC_80',			'ScalingFactor',	110),
('MODIFIER_GA_OPERA_HOUSE_TOURISM_MUSIC_90',			'ScalingFactor',	110),
('MODIFIER_GA_OPERA_HOUSE_TOURISM_MUSIC_100',			'ScalingFactor',	110),
('MODIFIER_GA_OPERA_HOUSE_TOURISM_WRITING',				'ScalingFactor',	110),
('MODIFIER_GA_OPERA_HOUSE_TOURISM_WRITING_0',			'ScalingFactor',	110),
('MODIFIER_GA_OPERA_HOUSE_TOURISM_WRITING_10',			'ScalingFactor',	110),
('MODIFIER_GA_OPERA_HOUSE_TOURISM_WRITING_20',			'ScalingFactor',	110),
('MODIFIER_GA_OPERA_HOUSE_TOURISM_WRITING_30',			'ScalingFactor',	110),
('MODIFIER_GA_OPERA_HOUSE_TOURISM_WRITING_40',			'ScalingFactor',	110),
('MODIFIER_GA_OPERA_HOUSE_TOURISM_WRITING_50',			'ScalingFactor',	110),
('MODIFIER_GA_OPERA_HOUSE_TOURISM_WRITING_60',			'ScalingFactor',	110),
('MODIFIER_GA_OPERA_HOUSE_TOURISM_WRITING_70',			'ScalingFactor',	110),
('MODIFIER_GA_OPERA_HOUSE_TOURISM_WRITING_80',			'ScalingFactor',	110),
('MODIFIER_GA_OPERA_HOUSE_TOURISM_WRITING_90',			'ScalingFactor',	110),
('MODIFIER_GA_OPERA_HOUSE_TOURISM_WRITING_100',			'ScalingFactor',	110),
('MODIFIER_GA_ART_ASSOCIATION_TOURISM_SCULPTURE',		'ScalingFactor',	110),
('MODIFIER_GA_ART_ASSOCIATION_TOURISM_SCULPTURE_0',		'ScalingFactor',	110),
('MODIFIER_GA_ART_ASSOCIATION_TOURISM_SCULPTURE_10',	'ScalingFactor',	110),
('MODIFIER_GA_ART_ASSOCIATION_TOURISM_SCULPTURE_20',	'ScalingFactor',	110),
('MODIFIER_GA_ART_ASSOCIATION_TOURISM_SCULPTURE_30',	'ScalingFactor',	110),
('MODIFIER_GA_ART_ASSOCIATION_TOURISM_SCULPTURE_40',	'ScalingFactor',	110),
('MODIFIER_GA_ART_ASSOCIATION_TOURISM_SCULPTURE_50',	'ScalingFactor',	110),
('MODIFIER_GA_ART_ASSOCIATION_TOURISM_SCULPTURE_60',	'ScalingFactor',	110),
('MODIFIER_GA_ART_ASSOCIATION_TOURISM_SCULPTURE_70',	'ScalingFactor',	110),
('MODIFIER_GA_ART_ASSOCIATION_TOURISM_SCULPTURE_80',	'ScalingFactor',	110),
('MODIFIER_GA_ART_ASSOCIATION_TOURISM_SCULPTURE_90',	'ScalingFactor',	110),
('MODIFIER_GA_ART_ASSOCIATION_TOURISM_SCULPTURE_100',	'ScalingFactor',	110),
('MODIFIER_GA_ART_ASSOCIATION_TOURISM_PORTRAIT',		'ScalingFactor',	110),
('MODIFIER_GA_ART_ASSOCIATION_TOURISM_PORTRAIT_0',		'ScalingFactor',	110),
('MODIFIER_GA_ART_ASSOCIATION_TOURISM_PORTRAIT_10',		'ScalingFactor',	110),
('MODIFIER_GA_ART_ASSOCIATION_TOURISM_PORTRAIT_20',		'ScalingFactor',	110),
('MODIFIER_GA_ART_ASSOCIATION_TOURISM_PORTRAIT_30',		'ScalingFactor',	110),
('MODIFIER_GA_ART_ASSOCIATION_TOURISM_PORTRAIT_40',		'ScalingFactor',	110),
('MODIFIER_GA_ART_ASSOCIATION_TOURISM_PORTRAIT_50',		'ScalingFactor',	110),
('MODIFIER_GA_ART_ASSOCIATION_TOURISM_PORTRAIT_60',		'ScalingFactor',	110),
('MODIFIER_GA_ART_ASSOCIATION_TOURISM_PORTRAIT_70',		'ScalingFactor',	110),
('MODIFIER_GA_ART_ASSOCIATION_TOURISM_PORTRAIT_80',		'ScalingFactor',	110),
('MODIFIER_GA_ART_ASSOCIATION_TOURISM_PORTRAIT_90',		'ScalingFactor',	110),
('MODIFIER_GA_ART_ASSOCIATION_TOURISM_PORTRAIT_100',	'ScalingFactor',	110),
('MODIFIER_GA_ART_ASSOCIATION_TOURISM_LANDSCAPE',		'ScalingFactor',	110),
('MODIFIER_GA_ART_ASSOCIATION_TOURISM_LANDSCAPE_0',		'ScalingFactor',	110),
('MODIFIER_GA_ART_ASSOCIATION_TOURISM_LANDSCAPE_10',	'ScalingFactor',	110),
('MODIFIER_GA_ART_ASSOCIATION_TOURISM_LANDSCAPE_20',	'ScalingFactor',	110),
('MODIFIER_GA_ART_ASSOCIATION_TOURISM_LANDSCAPE_30',	'ScalingFactor',	110),
('MODIFIER_GA_ART_ASSOCIATION_TOURISM_LANDSCAPE_40',	'ScalingFactor',	110),
('MODIFIER_GA_ART_ASSOCIATION_TOURISM_LANDSCAPE_50',	'ScalingFactor',	110),
('MODIFIER_GA_ART_ASSOCIATION_TOURISM_LANDSCAPE_60',	'ScalingFactor',	110),
('MODIFIER_GA_ART_ASSOCIATION_TOURISM_LANDSCAPE_70',	'ScalingFactor',	110),
('MODIFIER_GA_ART_ASSOCIATION_TOURISM_LANDSCAPE_80',	'ScalingFactor',	110),
('MODIFIER_GA_ART_ASSOCIATION_TOURISM_LANDSCAPE_90',	'ScalingFactor',	110),
('MODIFIER_GA_ART_ASSOCIATION_TOURISM_LANDSCAPE_100',	'ScalingFactor',	110),
('MODIFIER_GA_ART_ASSOCIATION_TOURISM_RELIGIOUS',		'ScalingFactor',	110),
('MODIFIER_GA_ART_ASSOCIATION_TOURISM_RELIGIOUS_0',		'ScalingFactor',	110),
('MODIFIER_GA_ART_ASSOCIATION_TOURISM_RELIGIOUS_10',	'ScalingFactor',	110),
('MODIFIER_GA_ART_ASSOCIATION_TOURISM_RELIGIOUS_20',	'ScalingFactor',	110),
('MODIFIER_GA_ART_ASSOCIATION_TOURISM_RELIGIOUS_30',	'ScalingFactor',	110),
('MODIFIER_GA_ART_ASSOCIATION_TOURISM_RELIGIOUS_40',	'ScalingFactor',	110),
('MODIFIER_GA_ART_ASSOCIATION_TOURISM_RELIGIOUS_50',	'ScalingFactor',	110),
('MODIFIER_GA_ART_ASSOCIATION_TOURISM_RELIGIOUS_60',	'ScalingFactor',	110),
('MODIFIER_GA_ART_ASSOCIATION_TOURISM_RELIGIOUS_70',	'ScalingFactor',	110),
('MODIFIER_GA_ART_ASSOCIATION_TOURISM_RELIGIOUS_80',	'ScalingFactor',	110),
('MODIFIER_GA_ART_ASSOCIATION_TOURISM_RELIGIOUS_90',	'ScalingFactor',	110),
('MODIFIER_GA_ART_ASSOCIATION_TOURISM_RELIGIOUS_100',	'ScalingFactor',	110),
('MODIFIER_GA_ART_ASSOCIATION_TOURISM_ARTIFACT',		'ScalingFactor',	110),
('MODIFIER_GA_ART_ASSOCIATION_TOURISM_ARTIFACT_0',		'ScalingFactor',	110),
('MODIFIER_GA_ART_ASSOCIATION_TOURISM_ARTIFACT_10',		'ScalingFactor',	110),
('MODIFIER_GA_ART_ASSOCIATION_TOURISM_ARTIFACT_20',		'ScalingFactor',	110),
('MODIFIER_GA_ART_ASSOCIATION_TOURISM_ARTIFACT_30',		'ScalingFactor',	110),
('MODIFIER_GA_ART_ASSOCIATION_TOURISM_ARTIFACT_40',		'ScalingFactor',	110),
('MODIFIER_GA_ART_ASSOCIATION_TOURISM_ARTIFACT_50',		'ScalingFactor',	110),
('MODIFIER_GA_ART_ASSOCIATION_TOURISM_ARTIFACT_60',		'ScalingFactor',	110),
('MODIFIER_GA_ART_ASSOCIATION_TOURISM_ARTIFACT_70',		'ScalingFactor',	110),
('MODIFIER_GA_ART_ASSOCIATION_TOURISM_ARTIFACT_80',		'ScalingFactor',	110),
('MODIFIER_GA_ART_ASSOCIATION_TOURISM_ARTIFACT_90',		'ScalingFactor',	110),
('MODIFIER_GA_ART_ASSOCIATION_TOURISM_ARTIFACT_100',	'ScalingFactor',	110),

('MODIFIER_GA_BROADCAST_CENTER_TRADE_ROUTE_TOURISM_MODIFIER',		'Amount',	10),
('MODIFIER_GA_BROADCAST_CENTER_IMPROVEMENT_TOURISM',				'Amount',	15),
('MODIFIER_GA_BROADCAST_CENTER_IMPROVEMENT_TOURISM_APPEAL2',		'Amount',	15),
('MODIFIER_GA_BROADCAST_CENTER_IMPROVEMENT_TOURISM_APPEAL4',		'Amount',	15),

('MODIFIER_GA_PHOTOSTUDIO_TOURISM_NATIONAL_PARK_CIV',				'Amount',	10),
('MODIFIER_GA_PHOTOSTUDIO_TOURISM_NATIONAL_PARK_SINGLE',			'Amount',	10),
('MODIFIER_GA_PHOTOSTUDIO_TOURISM_NATIONAL_PARK_SINGLE_AP2',		'Amount',	10),
('MODIFIER_GA_PHOTOSTUDIO_TOURISM_NATIONAL_PARK_SINGLE_AP4',		'Amount',	10),
('MODIFIER_GA_PHOTOSTUDIO_TOURISM_WORLDWONDER_CIV',				'BoostsWonders',	1),
('MODIFIER_GA_PHOTOSTUDIO_TOURISM_WORLDWONDER_CIV',				'ScalingFactor',	110),
('MODIFIER_GA_PHOTOSTUDIO_TOURISM_WORLDWONDER_SINGLE',			'BoostsWonders',	1),
('MODIFIER_GA_PHOTOSTUDIO_TOURISM_WORLDWONDER_SINGLE',			'ScalingFactor',	110),
('MODIFIER_GA_PHOTOSTUDIO_TOURISM_WORLDWONDER_SINGLE_AP2',		'BoostsWonders',	1),
('MODIFIER_GA_PHOTOSTUDIO_TOURISM_WORLDWONDER_SINGLE_AP2',		'ScalingFactor',	110),
('MODIFIER_GA_PHOTOSTUDIO_TOURISM_WORLDWONDER_SINGLE_AP4',		'BoostsWonders',	1),
('MODIFIER_GA_PHOTOSTUDIO_TOURISM_WORLDWONDER_SINGLE_AP4',		'ScalingFactor',	110),

-- ('MODIFIER_GA_CONCERT_HALL_IDENTITY',					'ForeignCities',	1),
-- ('MODIFIER_GA_CONCERT_HALL_IDENTITY',					'Amount',			2),
-- ('MODIFIER_GA_WE_MEDIA_IDENTITY',						'ForeignCities',	1),
-- ('MODIFIER_GA_WE_MEDIA_IDENTITY',						'Amount',			1),
('MODIFIER_GA_CINEMA_TOURISM',							'Amount',			25);
--=====
--RequirementSets
--=====
INSERT OR REPLACE INTO RequirementSets			
(RequirementSetId,								RequirementSetType)
VALUES
('REQSET_GA_PLOT_NEAR_THEATER',					'REQUIREMENTSET_TEST_ALL'),
('REQSET_GA_PLOT_NEAR_THEATER_AND_THEATER_NEAR_HOLY_SITE',	'REQUIREMENTSET_TEST_ALL'),
('REQSET_GA_PLOT_APPEAL_2',						'REQUIREMENTSET_TEST_ALL'),
('REQSET_GA_PLOT_APPEAL_4',						'REQUIREMENTSET_TEST_ALL');


--=====
--RequirementSetRequirements
--=====
INSERT OR REPLACE INTO RequirementSetRequirements			
(RequirementSetId,												RequirementId)
VALUES
('REQSET_GA_PLOT_NEAR_THEATER',									'REQ_GA_PLOT_NEAR_THEATER'),
('REQSET_GA_PLOT_NEAR_THEATER_AND_THEATER_NEAR_HOLY_SITE',		'REQ_GA_PLOT_NEAR_THEATER'),
('REQSET_GA_PLOT_NEAR_THEATER_AND_THEATER_NEAR_HOLY_SITE',		'REQ_GA_DISTRICT_NEAR_HOLY_SITE'),
('REQSET_GA_PLOT_APPEAL_2',										'REQ_GA_PLOT_APPEAL_2'),
('REQSET_GA_PLOT_APPEAL_4',										'REQ_GA_PLOT_APPEAL_4');
--=====
--Requirements
--=====
INSERT OR REPLACE INTO Requirements			
(RequirementId,						RequirementType)
VALUES
('REQ_GA_PLOT_NEAR_THEATER',		'REQUIREMENT_PLOT_ADJACENT_DISTRICT_TYPE_MATCHES'),
('REQ_GA_DISTRICT_NEAR_HOLY_SITE',	'REQUIREMENT_PLOT_ADJACENT_DISTRICT_TYPE_MATCHES'),
('REQ_GA_PLOT_APPEAL_2',			'REQUIREMENT_PLOT_IS_APPEAL_BETWEEN'),
('REQ_GA_PLOT_APPEAL_4',			'REQUIREMENT_PLOT_IS_APPEAL_BETWEEN');
--=====
--RequirementArguments
--=====
INSERT OR REPLACE INTO RequirementArguments			
(RequirementId,						Name,				Value)
VALUES
('REQ_GA_PLOT_NEAR_THEATER',		'DistrictType',		'DISTRICT_THEATER'),
('REQ_GA_PLOT_NEAR_THEATER',		'MinRange',			1),
('REQ_GA_PLOT_NEAR_THEATER',		'MaxRange',			1),
('REQ_GA_DISTRICT_NEAR_HOLY_SITE',	'DistrictType',		'DISTRICT_HOLY_SITE'),
('REQ_GA_PLOT_APPEAL_2',			'MinimumAppeal',	2),
('REQ_GA_PLOT_APPEAL_4',			'MinimumAppeal',	4);
--===
--ModSupport
--===
-- CREATE TABLE IF NOT EXISTS TE_Buildings_Tier
	-- (
	-- BuildingType		TEXT	NOT NULL, 
	-- Tier				INTEGER	DEFAULT NULL, 
	-- PRIMARY KEY (BuildingType)
	-- );
--=====
--TE_Buildings_Tier
--=====
-- INSERT OR REPLACE INTO TE_Buildings_Tier
-- (BuildingType,					Tier)
-- VALUES
-- ('BUILDING_AMPHITHEATER',		1),
-- ('BUILDING_EPIC_THEATRE',		1),
-- ('BUILDING_TAMPLE_STAGE',		1),

-- ('BUILDING_MUSEUM_ART',			2),
-- ('BUILDING_MUSEUM_ARTIFACT',	2),
-- ('BUILDING_THERTERMUSEUM',		2),
-- ('BUILDING_LIBRARYMUSEUM',		2),

-- ('BUILDING_BROADCAST_CENTER',	3),
-- ('BUILDING_OPERA_HOUSE',		3),
-- ('BUILDING_ART_ASSOCIATION',	3),
-- ('BUILDING_PHOTOSTUDIO',		3),

-- ('BUILDING_CINEMA',				4),
-- ('BUILDING_CONCERT_HALL',		4),
-- ('BUILDING_WE_MEDIA',			4);

-- INSERT OR REPLACE INTO TE_Buildings_Tier
-- (BuildingType,	Tier)
-- SELECT
-- CivUniqueBuildingType,	1
-- FROM BuildingReplaces WHERE ReplacesBuildingType = 'BUILDING_AMPHITHEATER';

-- INSERT OR REPLACE INTO TE_Buildings_Tier
-- (BuildingType,	Tier)
-- SELECT
-- CivUniqueBuildingType,	2
-- FROM BuildingReplaces WHERE ReplacesBuildingType = 'BUILDING_MUSEUM_ART' OR ReplacesBuildingType = 'BUILDING_MUSEUM_ARTIFACT';

-- INSERT OR REPLACE INTO TE_Buildings_Tier
-- (BuildingType,	Tier)
-- SELECT
-- CivUniqueBuildingType,	3
-- FROM BuildingReplaces WHERE ReplacesBuildingType = 'BUILDING_BROADCAST_CENTER';

-- INSERT OR REPLACE INTO TE_Buildings_Tier
-- (BuildingType,	Tier)
-- SELECT
-- Building,	4
-- FROM BuildingPrereqs WHERE PrereqBuilding = 'BUILDING_BROADCAST_CENTER';
--=====
--BuildingPrereqs
--=====
-- INSERT OR REPLACE INTO BuildingPrereqs
-- (Building,		PrereqBuilding)
-- SELECT
-- BuildingType,	'BUILDING_AMPHITHEATER'
-- FROM TE_Buildings_Tier WHERE Tier = 2;

-- INSERT OR REPLACE INTO BuildingPrereqs
-- (Building,		PrereqBuilding)
-- SELECT
-- BuildingType,	'BUILDING_EPIC_THEATRE'
-- FROM TE_Buildings_Tier WHERE Tier = 2;

-- INSERT OR REPLACE INTO BuildingPrereqs
-- (Building,		PrereqBuilding)
-- SELECT
-- BuildingType,	'BUILDING_TAMPLE_STAGE'
-- FROM TE_Buildings_Tier WHERE Tier = 2;

-- INSERT OR REPLACE INTO BuildingPrereqs
-- (Building,		PrereqBuilding)
-- SELECT
-- BuildingType,	'BUILDING_MUSEUM_ART'
-- FROM TE_Buildings_Tier WHERE Tier = 3;

-- INSERT OR REPLACE INTO BuildingPrereqs
-- (Building,		PrereqBuilding)
-- SELECT
-- BuildingType,	'BUILDING_MUSEUM_ARTIFACT'
-- FROM TE_Buildings_Tier WHERE Tier = 3;

-- INSERT OR REPLACE INTO BuildingPrereqs
-- (Building,		PrereqBuilding)
-- SELECT
-- BuildingType,	'BUILDING_THERTERMUSEUM'
-- FROM TE_Buildings_Tier WHERE Tier = 3;

-- INSERT OR REPLACE INTO BuildingPrereqs
-- (Building,		PrereqBuilding)
-- SELECT
-- BuildingType,	'BUILDING_LIBRARYMUSEUM'
-- FROM TE_Buildings_Tier WHERE Tier = 3;

-- INSERT OR REPLACE INTO BuildingPrereqs
-- (Building,		PrereqBuilding)
-- SELECT
-- BuildingType,	'BUILDING_BROADCAST_CENTER'
-- FROM TE_Buildings_Tier WHERE Tier = 4;

-- INSERT OR REPLACE INTO BuildingPrereqs
-- (Building,		PrereqBuilding)
-- SELECT
-- BuildingType,	'BUILDING_OPERA_HOUSE'
-- FROM TE_Buildings_Tier WHERE Tier = 4;

-- INSERT OR REPLACE INTO BuildingPrereqs
-- (Building,		PrereqBuilding)
-- SELECT
-- BuildingType,	'BUILDING_ART_ASSOCIATION'
-- FROM TE_Buildings_Tier WHERE Tier = 4;

-- INSERT OR REPLACE INTO BuildingPrereqs
-- (Building,		PrereqBuilding)
-- SELECT
-- BuildingType,	'BUILDING_PHOTOSTUDIO'
-- FROM TE_Buildings_Tier WHERE Tier = 4;

-- DROP TABLE IF EXISTS TE_Buildings_Tier;
