----------------
-- Types --
----------------
INSERT OR REPLACE INTO Types 
(Type,								Kind) VALUES
('PROMOTION_CLASS_FIRESUPPORT',		'KIND_PROMOTION_CLASS'),

('PROMOTION_FS_1_1',			'KIND_PROMOTION'),
('PROMOTION_FS_1_3',			'KIND_PROMOTION'),
('PROMOTION_FS_2_1',			'KIND_PROMOTION'),
('PROMOTION_FS_3_1',			'KIND_PROMOTION'),
('PROMOTION_FS_2_3',			'KIND_PROMOTION'),
('PROMOTION_FS_3_3',			'KIND_PROMOTION'),
('PROMOTION_FS_4_2',			'KIND_PROMOTION'),

-- ('UNIT_FIRESUPPORT1',		'KIND_UNIT'),
('UNIT_FIRESUPPORT2',				'KIND_UNIT'),
('UNIT_FIRESUPPORT3',				'KIND_UNIT'),
('UNIT_FIRESUPPORT4',				'KIND_UNIT'),
('UNIT_FIRESUPPORT5',				'KIND_UNIT'),
('UNIT_FIRESUPPORT6',				'KIND_UNIT'),
('UNIT_FIRESUPPORT7',				'KIND_UNIT'),
('UNIT_FIRESUPPORT8',				'KIND_UNIT');

-----------------------------------------------
-- Tags
-----------------------------------------------
INSERT OR REPLACE INTO Tags	
(Tag,								Vocabulary) VALUES
('CLASS_FIRESUPPORT',				'ABILITY_CLASS');

-------------------
-- Unit AI Infos --
-------------------
INSERT OR REPLACE INTO UnitAIInfos
(UnitType,						AiType) VALUES
-- ('UNIT_FIRESUPPORT1',			'UNITAI_COMBAT'),
-- ('UNIT_FIRESUPPORT1',			'UNITTYPE_RANGED'),
-- ('UNIT_FIRESUPPORT1',			'UNITTYPE_LAND_COMBAT'),
('UNIT_FIRESUPPORT2',			'UNITAI_COMBAT'),
('UNIT_FIRESUPPORT2',			'UNITTYPE_RANGED'),
('UNIT_FIRESUPPORT2',			'UNITTYPE_LAND_COMBAT'),
('UNIT_FIRESUPPORT3',			'UNITAI_COMBAT'),
('UNIT_FIRESUPPORT3',			'UNITTYPE_RANGED'),
('UNIT_FIRESUPPORT3',			'UNITTYPE_LAND_COMBAT'),
('UNIT_FIRESUPPORT4',			'UNITAI_COMBAT'),
('UNIT_FIRESUPPORT4',			'UNITTYPE_RANGED'),
('UNIT_FIRESUPPORT4',			'UNITTYPE_LAND_COMBAT'),
('UNIT_FIRESUPPORT5',			'UNITAI_COMBAT'),
('UNIT_FIRESUPPORT5',			'UNITTYPE_RANGED'),
('UNIT_FIRESUPPORT5',			'UNITTYPE_LAND_COMBAT'),
('UNIT_FIRESUPPORT6',			'UNITAI_COMBAT'),
('UNIT_FIRESUPPORT6',			'UNITTYPE_RANGED'),
('UNIT_FIRESUPPORT6',			'UNITTYPE_LAND_COMBAT'),
('UNIT_FIRESUPPORT7',			'UNITAI_COMBAT'),
('UNIT_FIRESUPPORT7',			'UNITTYPE_RANGED'),
('UNIT_FIRESUPPORT7',			'UNITTYPE_LAND_COMBAT'),
('UNIT_FIRESUPPORT8',			'UNITAI_COMBAT'),
('UNIT_FIRESUPPORT8',			'UNITTYPE_RANGED'),
('UNIT_FIRESUPPORT8',			'UNITTYPE_LAND_COMBAT');

---------------------
-- Class Type Tags --
---------------------
INSERT OR REPLACE INTO TypeTags
(Type,							Tag) VALUES
-- ('UNIT_FIRESUPPORT1',			'CLASS_FIRESUPPORT'),
('UNIT_FIRESUPPORT2',			'CLASS_FIRESUPPORT'),
('UNIT_FIRESUPPORT3',			'CLASS_FIRESUPPORT'),
('UNIT_FIRESUPPORT4',			'CLASS_FIRESUPPORT'),
('UNIT_FIRESUPPORT5',			'CLASS_FIRESUPPORT'),
('UNIT_FIRESUPPORT6',			'CLASS_FIRESUPPORT'),
('UNIT_FIRESUPPORT7',			'CLASS_FIRESUPPORT'),
('UNIT_FIRESUPPORT8',			'CLASS_FIRESUPPORT'),
-- ('UNIT_FIRESUPPORT1',			'CLASS_RANGED'),
('UNIT_FIRESUPPORT2',			'CLASS_RANGED'),
('UNIT_FIRESUPPORT3',			'CLASS_RANGED'),
('UNIT_FIRESUPPORT4',			'CLASS_RANGED'),
('UNIT_FIRESUPPORT5',			'CLASS_RANGED'),
('UNIT_FIRESUPPORT6',			'CLASS_RANGED'),
('UNIT_FIRESUPPORT7',			'CLASS_RANGED'),
('UNIT_FIRESUPPORT8',			'CLASS_RANGED');

-----------------------------------------------
-- UnitPromotionClasses
-----------------------------------------------
INSERT OR REPLACE INTO UnitPromotionClasses	
(PromotionClassType,						Name) VALUES
('PROMOTION_CLASS_FIRESUPPORT',				'LOC_PROMOTION_CLASS_FIRESUPPORT_NAME');

---------------
-- New Units --
---------------
INSERT OR REPLACE INTO Units
(UnitType, 					BaseMoves, 	Cost,	AdvisorType,		BaseSightRange,	ZoneOfControl,	Domain,			FormationClass,					Name,									Description,								PurchaseYield,	PromotionClass,						Maintenance,	Combat,	RangedCombat,	Range,	Bombard,	StrategicResource,	PrereqTech,						MandatoryObsoleteTech,		CanTargetAir,	AntiAirCombat,	CanCapture) VALUES
-- ('UNIT_FIRESUPPORT1',		3,			60,		'ADVISOR_CONQUEST',	2,				0,				'DOMAIN_LAND',	'FORMATION_CLASS_LAND_COMBAT',	'LOC_UNIT_FIRESUPPORT1_NAME',			'LOC_UNIT_FIRESUPPORT1_DESCRIPTION',		'YIELD_GOLD',	'PROMOTION_CLASS_FIRESUPPORT',		1,				15,		18,				1,		0,			null,				'TECH_THE_WHEEL',				'TECH_HORSEBACK_RIDING',	0,				0,				1),
('UNIT_FIRESUPPORT2',		3,			120,	'ADVISOR_CONQUEST',	2,				0,				'DOMAIN_LAND',	'FORMATION_CLASS_LAND_COMBAT',	'LOC_UNIT_FIRESUPPORT2_NAME',			'LOC_UNIT_FIRESUPPORT2_DESCRIPTION',		'YIELD_GOLD',	'PROMOTION_CLASS_FIRESUPPORT',		2,				25,		28,				1,		0,			null,				'TECH_HORSEBACK_RIDING',		'TECH_STIRRUPS',			0,				0,				1),
('UNIT_FIRESUPPORT3',		3,			220,	'ADVISOR_CONQUEST',	2,				0,				'DOMAIN_LAND',	'FORMATION_CLASS_LAND_COMBAT',	'LOC_UNIT_FIRESUPPORT3_NAME',			'LOC_UNIT_FIRESUPPORT3_DESCRIPTION',		'YIELD_GOLD',	'PROMOTION_CLASS_FIRESUPPORT',		3,				35,		38,				1,		0,			null,				'TECH_STIRRUPS',				'TECH_METAL_CASTING',		0,				0,				1),
('UNIT_FIRESUPPORT4',		3,			340,	'ADVISOR_CONQUEST',	2,				0,				'DOMAIN_LAND',	'FORMATION_CLASS_LAND_COMBAT',	'LOC_UNIT_FIRESUPPORT4_NAME',			'LOC_UNIT_FIRESUPPORT4_DESCRIPTION',		'YIELD_GOLD',	'PROMOTION_CLASS_FIRESUPPORT',		4,				45,		48,				1,		0,			null,				'TECH_METAL_CASTING',			'TECH_MILITARY_SCIENCE',	0,				0,				1),
('UNIT_FIRESUPPORT5',		3,			500,	'ADVISOR_CONQUEST',	2,				0,				'DOMAIN_LAND',	'FORMATION_CLASS_LAND_COMBAT',	'LOC_UNIT_FIRESUPPORT5_NAME',			'LOC_UNIT_FIRESUPPORT5_DESCRIPTION',		'YIELD_GOLD',	'PROMOTION_CLASS_FIRESUPPORT',		5,				55,		58,				1,		0,			null,				'TECH_MILITARY_SCIENCE',		'TECH_COMBUSTION',			0,				0,				1),
('UNIT_FIRESUPPORT6',		3,			700,	'ADVISOR_CONQUEST',	2,				0,				'DOMAIN_LAND',	'FORMATION_CLASS_LAND_COMBAT',	'LOC_UNIT_FIRESUPPORT6_NAME',			'LOC_UNIT_FIRESUPPORT6_DESCRIPTION',		'YIELD_GOLD',	'PROMOTION_CLASS_FIRESUPPORT',		6,				65,		68,				1,		0,			null,				'TECH_COMBUSTION',				'TECH_SYNTHETIC_MATERIALS',	0,				0,				1),
('UNIT_FIRESUPPORT7',		3,			900,	'ADVISOR_CONQUEST',	2,				0,				'DOMAIN_LAND',	'FORMATION_CLASS_LAND_COMBAT',	'LOC_UNIT_FIRESUPPORT7_NAME',			'LOC_UNIT_FIRESUPPORT7_DESCRIPTION',		'YIELD_GOLD',	'PROMOTION_CLASS_FIRESUPPORT',		7,				75,		78,				1,		0,			null,				'TECH_SYNTHETIC_MATERIALS',		'TECH_ROBOTICS',			0,				0,				1),
('UNIT_FIRESUPPORT8',		3,			1100,	'ADVISOR_CONQUEST',	2,				0,				'DOMAIN_LAND',	'FORMATION_CLASS_LAND_COMBAT',	'LOC_UNIT_FIRESUPPORT8_NAME',			'LOC_UNIT_FIRESUPPORT8_DESCRIPTION',		'YIELD_GOLD',	'PROMOTION_CLASS_FIRESUPPORT',		8,				85,		88,				1,		0,			null,				'TECH_ROBOTICS',				null,						0,				0,				1);

-------------------
-- Unit Upgrades --
-------------------
INSERT OR REPLACE INTO UnitUpgrades
(Unit,						UpgradeUnit) VALUES
-- ('UNIT_FIRESUPPORT1',		'UNIT_FIRESUPPORT2'),
('UNIT_FIRESUPPORT2',		'UNIT_FIRESUPPORT3'),
('UNIT_FIRESUPPORT3',		'UNIT_FIRESUPPORT4'),
('UNIT_FIRESUPPORT4',		'UNIT_FIRESUPPORT5'),
('UNIT_FIRESUPPORT5',		'UNIT_FIRESUPPORT6'),
('UNIT_FIRESUPPORT6',		'UNIT_FIRESUPPORT7'),
('UNIT_FIRESUPPORT7',		'UNIT_FIRESUPPORT8');

-------------------
-- UnitReplaces --
-------------------
INSERT OR REPLACE INTO UnitReplaces
(CivUniqueUnitType,					ReplacesUnitType) VALUES
('UNIT_SCYTHIAN_HORSE_ARCHER',		'UNIT_FIRESUPPORT2'),
('UNIT_MONGOLIAN_KESHIG',			'UNIT_FIRESUPPORT3');

-------------------
-- UU --
-------------------
UPDATE Units	SET PromotionClass = 'PROMOTION_CLASS_FIRESUPPORT'	WHERE UnitType = 'UNIT_SCYTHIAN_HORSE_ARCHER';
UPDATE Units	SET PromotionClass = 'PROMOTION_CLASS_FIRESUPPORT'	WHERE UnitType = 'UNIT_MONGOLIAN_KESHIG';
----------------
-- UnitPromotions --
----------------
INSERT OR REPLACE INTO UnitPromotions
(UnitPromotionType, 				Name, 										Description,										Level,		Column,		PromotionClass) VALUES
('PROMOTION_FS_1_1', 				"LOC_PROMOTION_FS_1_1_NAME", 				"LOC_PROMOTION_FS_1_1_DESCRIPTION", 				1, 			1, 			'PROMOTION_CLASS_FIRESUPPORT'),
('PROMOTION_FS_2_1', 				"LOC_PROMOTION_FS_2_1_NAME", 				"LOC_PROMOTION_FS_2_1_DESCRIPTION", 				2, 			1, 			'PROMOTION_CLASS_FIRESUPPORT'),
('PROMOTION_FS_3_1', 				"LOC_PROMOTION_FS_3_1_NAME", 				"LOC_PROMOTION_FS_3_1_DESCRIPTION", 				3, 			1, 			'PROMOTION_CLASS_FIRESUPPORT'),
('PROMOTION_FS_1_3', 				"LOC_PROMOTION_FS_1_3_NAME", 				"LOC_PROMOTION_FS_1_3_DESCRIPTION", 				1, 			3, 			'PROMOTION_CLASS_FIRESUPPORT'),
('PROMOTION_FS_2_3', 				"LOC_PROMOTION_FS_2_3_NAME", 				"LOC_PROMOTION_FS_2_3_DESCRIPTION", 				2, 			3, 			'PROMOTION_CLASS_FIRESUPPORT'),
('PROMOTION_FS_3_3', 				"LOC_PROMOTION_FS_3_3_NAME", 				"LOC_PROMOTION_FS_3_3_DESCRIPTION", 				3, 			3, 			'PROMOTION_CLASS_FIRESUPPORT'),
('PROMOTION_FS_4_2', 				"LOC_PROMOTION_FS_4_2_NAME", 				"LOC_PROMOTION_FS_4_2_DESCRIPTION", 				4, 			2, 			'PROMOTION_CLASS_FIRESUPPORT');

-------------------
-- UnitPromotionPrereqs --
-------------------
INSERT OR REPLACE INTO UnitPromotionPrereqs
(UnitPromotion,						PrereqUnitPromotion) VALUES
('PROMOTION_FS_2_1',				'PROMOTION_FS_1_1'),
('PROMOTION_FS_3_1',				'PROMOTION_FS_2_1'),
('PROMOTION_FS_4_2',				'PROMOTION_FS_3_1'),
('PROMOTION_FS_2_3',				'PROMOTION_FS_1_3'),
('PROMOTION_FS_3_3',				'PROMOTION_FS_2_3'),
('PROMOTION_FS_4_2',				'PROMOTION_FS_3_3');

--===
--左线1：PROMOTION_FS_1_1 
--+1移动力。无视区域控制。
--===
INSERT OR REPLACE INTO UnitPromotionModifiers			
(UnitPromotionType,			ModifierId)
VALUES
('PROMOTION_FS_1_1',	'IGNOREZOC_IGNORE_ZOC'),
('PROMOTION_FS_1_1',	'MODIFIER_GA_PROMOTION_FS_1_1_GAIN_MOVEMENT');

INSERT OR REPLACE INTO Modifiers
(ModifierId,										ModifierType,							SubjectRequirementSetId)
VALUES
('MODIFIER_GA_PROMOTION_FS_1_1_GAIN_MOVEMENT',	'MODIFIER_PLAYER_UNIT_ADJUST_MOVEMENT',	null);

INSERT OR REPLACE INTO ModifierArguments
(ModifierId,														Name,		Value)
VALUES			
('MODIFIER_GA_PROMOTION_FS_1_1_GAIN_MOVEMENT',		'Amount',	1);

--===
--左线2：PROMOTION_FS_2_1 
--攻击后可移动，+1移动力。
--===
INSERT OR REPLACE INTO UnitPromotionModifiers			
(UnitPromotionType,		ModifierId)
VALUES
('PROMOTION_FS_2_1',	'MOD_MOVE_AFTER_ATTACKING'),
('PROMOTION_FS_2_1',	'MODIFIER_GA_PROMOTION_FS_2_1_MOVEMENT_BONUS');

INSERT OR REPLACE INTO Modifiers
(ModifierId,										ModifierType)
VALUES
('MODIFIER_GA_PROMOTION_FS_2_1_MOVEMENT_BONUS',	'MODIFIER_PLAYER_UNIT_ADJUST_MOVEMENT');

INSERT OR REPLACE INTO ModifierArguments
(ModifierId,											Name,		Value)
VALUES			
('MODIFIER_GA_PROMOTION_FS_2_1_MOVEMENT_BONUS',		'Amount',	1);
--===
--左线3：PROMOTION_FS_3_1 
--获得区域控制，+5近战攻击力。
--===
INSERT OR REPLACE INTO UnitPromotionModifiers			
(UnitPromotionType,				ModifierId)
VALUES
('PROMOTION_FS_3_1',	'MODIFIER_OVERWATCH_EXERT_ZOC'),
('PROMOTION_FS_3_1',	'MODIFIER_GA_PROMOTION_FS_3_1_DEFEND_MELEE');

INSERT OR REPLACE INTO Modifiers
(ModifierId,											ModifierType,							SubjectRequirementSetId)
VALUES
('MODIFIER_GA_PROMOTION_FS_3_1_DEFEND_MELEE',	'MODIFIER_UNIT_ADJUST_COMBAT_STRENGTH',	'REQSET_GA_PROMOTION_FS_3_1_DEFEND_MELEE');

INSERT OR REPLACE INTO ModifierArguments
(ModifierId,												Name,		Value)
VALUES			
('MODIFIER_GA_PROMOTION_FS_3_1_DEFEND_MELEE',		'Amount',	5);

INSERT OR REPLACE INTO ModifierStrings	
(ModifierId,												Context,	Text)
VALUES
('MODIFIER_GA_PROMOTION_FS_3_1_DEFEND_MELEE',		'Preview',	'LOC_MODIFIER_GA_PROMOTION_FS_3_1_TEXT');

INSERT OR REPLACE INTO RequirementSets	
(RequirementSetId,										RequirementSetType)
VALUES
('REQSET_GA_PROMOTION_FS_3_1_DEFEND_MELEE',	'REQUIREMENTSET_TEST_ALL');

INSERT OR REPLACE INTO RequirementSetRequirements	
(RequirementSetId,										RequirementId)
VALUES
('REQSET_GA_PROMOTION_FS_3_1_DEFEND_MELEE',	'PLAYER_IS_DEFENDER_REQUIREMENTS'),
('REQSET_GA_PROMOTION_FS_3_1_DEFEND_MELEE',	'MELEE_COMBAT_REQUIREMENTS');

--===
--右线1：PROMOTION_FS_1_3 火力对抗
--改：在敌方领土内+7战斗力。
--===
INSERT OR REPLACE INTO UnitPromotionModifiers			
(UnitPromotionType,				ModifierId)
VALUES
('PROMOTION_FS_1_3',	'MODIFIER_GA_PROMOTION_FS_1_3_COMBAT_BONUS');


INSERT OR REPLACE INTO Modifiers
(ModifierId,											ModifierType,							SubjectRequirementSetId)
VALUES
('MODIFIER_GA_PROMOTION_FS_1_3_COMBAT_BONUS',	'MODIFIER_UNIT_ADJUST_COMBAT_STRENGTH',	'BERSERKER_PLOT_IS_ENEMY_TERRITORY');

INSERT OR REPLACE INTO ModifierArguments
(ModifierId,												Name,		Value)
VALUES			
('MODIFIER_GA_PROMOTION_FS_1_3_COMBAT_BONUS',		'Amount',	5);

INSERT OR REPLACE INTO ModifierStrings	
(ModifierId,												Context,	Text)
VALUES
('MODIFIER_GA_PROMOTION_FS_1_3_COMBAT_BONUS',		'Preview',	'LOC_MODIFIER_GA_PROMOTION_FS_1_3_TEXT');
--===
--右线2：PROMOTION_FS_2_3 
--为相邻的火力支援单位+5远程攻击力。
--===
INSERT OR REPLACE INTO UnitPromotionModifiers			
(UnitPromotionType,			ModifierId)
VALUES
('PROMOTION_FS_2_3',	'MODIFIER_GA_PROMOTION_FS_2_3_COMBAT_BONUS_TO_AUTOMATIC_GUN');


INSERT OR REPLACE INTO Modifiers
(ModifierId,														ModifierType,								SubjectRequirementSetId)
VALUES
('MODIFIER_GA_PROMOTION_FS_2_3_COMBAT_BONUS_TO_AUTOMATIC_GUN',	'MODIFIER_PLAYER_UNITS_ATTACH_MODIFIER',	'REQSET_GA_PROMOTION_FS_2_3_WITH_AUTOMATIC_GUN'),
('MODIFIER_GA_PROMOTION_FS_2_3_AUTOMATIC_GUN_BUFF',				'MODIFIER_UNIT_ADJUST_COMBAT_STRENGTH', 	null);

INSERT OR REPLACE INTO ModifierArguments
(ModifierId,															Name,			Value)
VALUES	
('MODIFIER_GA_PROMOTION_FS_2_3_COMBAT_BONUS_TO_AUTOMATIC_GUN',		'ModifierId',	'MODIFIER_GA_PROMOTION_FS_2_3_AUTOMATIC_GUN_BUFF'),
('MODIFIER_GA_PROMOTION_FS_2_3_AUTOMATIC_GUN_BUFF',					'Amount',		7);

INSERT OR REPLACE INTO ModifierStrings	
(ModifierId,												Context,	Text)
VALUES
('MODIFIER_GA_PROMOTION_FS_2_3_AUTOMATIC_GUN_BUFF',	'Preview',	'LOC_MODIFIER_GA_PROMOTION_FS_2_3_TEXT');

INSERT OR REPLACE INTO RequirementSets	
(RequirementSetId,										RequirementSetType)
VALUES	
('REQSET_GA_PROMOTION_FS_2_3_WITH_AUTOMATIC_GUN',	'REQUIREMENTSET_TEST_ALL');


INSERT OR REPLACE INTO RequirementSetRequirements	
(RequirementSetId,										RequirementId)
VALUES	
('REQSET_GA_PROMOTION_FS_2_3_WITH_AUTOMATIC_GUN',	'REQ_GA_UNIT_IS_AUTOMATIC_GUN'),
('REQSET_GA_PROMOTION_FS_2_3_WITH_AUTOMATIC_GUN',	'REQ_GA_PROMOTION_FRIENDLY_IN_1_TILE');


INSERT OR REPLACE INTO Requirements	
(RequirementId,						RequirementType)
VALUES	
('REQ_GA_UNIT_IS_AUTOMATIC_GUN',		'REQUIREMENT_UNIT_PROMOTION_CLASS_MATCHES');


INSERT OR REPLACE INTO RequirementArguments	
(RequirementId,					Name,					Value)
VALUES	
('REQ_GA_UNIT_IS_AUTOMATIC_GUN',	'UnitPromotionClass',	'PROMOTION_CLASS_AUTOMATIC_GUN');

--===
--右线3：PROMOTION_FS_3_3 
--对城市和军营远程攻击效率为100%。
--===
INSERT OR REPLACE INTO UnitPromotionModifiers			
(UnitPromotionType,			ModifierId)
VALUES
('PROMOTION_FS_3_3',	'GDR_SIEGE_LASER');

--===
--中线4：PROMOTION_FS_4_2 
--如果单位没有移动，每回合+1额外攻击。
--===
INSERT OR REPLACE INTO UnitPromotionModifiers			
(UnitPromotionType,					ModifierId)
VALUES
('PROMOTION_FS_4_2',	'EXPERT_MARKSMAN_ADDITIONAL_ATTACK');

-------------------------------------------------
--单位克制
--远程改为克制火力支援
UPDATE Modifiers SET SubjectRequirementSetId = 'GOLDEN_OPPONENT_FIRESUPPORT_REQUIREMENTS'
WHERE ModifierId = 'GOLDEN_ADJUST_RANGE_MELEE';

INSERT OR REPLACE INTO RequirementSets 				(RequirementSetId ,     RequirementSetType) 	
VALUES 		('GOLDEN_OPPONENT_FIRESUPPORT_REQUIREMENTS' , 		'REQUIREMENTSET_TEST_ALL');	
	
INSERT OR REPLACE INTO RequirementSetRequirements 	(RequirementSetId ,     RequirementId) 			
VALUES 		('GOLDEN_OPPONENT_FIRESUPPORT_REQUIREMENTS' , 		'OPPONENT_FIRESUPPORT_REQUIREMENT');	

INSERT OR REPLACE INTO Requirements		(RequirementId, RequirementType)
VALUES 		('OPPONENT_FIRESUPPORT_REQUIREMENT', 'REQUIREMENT_OPPONENT_UNIT_PROMOTION_CLASS_MATCHES');

INSERT OR REPLACE INTO RequirementArguments		(RequirementId, Name, Value)
VALUES 		('OPPONENT_FIRESUPPORT_REQUIREMENT', 'UnitPromotionClass', 'PROMOTION_CLASS_FIRESUPPORT');
--火力支援克制近战
-- Types
INSERT OR REPLACE INTO Types (Type,						Kind)
VALUES
('ABILITY_FIRESUPPORT_MELEE',					'KIND_ABILITY');
-- TypeTags
INSERT OR REPLACE INTO TypeTags (Type,									Tag)
VALUES	
('ABILITY_FIRESUPPORT_MELEE',					'CLASS_FIRESUPPORT');
-- UnitAbilities
INSERT OR REPLACE INTO UnitAbilities (UnitAbilityType,						Name,									Description) VALUES	
('ABILITY_FIRESUPPORT_MELEE',					'LOC_ABILITY_FIRESUPPORT_MELEE_NAME',			'LOC_ABILITY_FIRESUPPORT_MELEE_DESCRIPTION');
-- UnitAbilityModifiers
INSERT OR REPLACE INTO UnitAbilityModifiers (UnitAbilityType,						ModifierId) VALUES	
('ABILITY_FIRESUPPORT_MELEE',					'GOLDEN_ADJUST_FIRESUPPORT_MELEE');
-- Modifiers
INSERT OR REPLACE INTO Modifiers (ModifierId,						ModifierType,								SubjectRequirementSetId)
VALUES	
('GOLDEN_ADJUST_FIRESUPPORT_MELEE',							'MODIFIER_UNIT_ADJUST_COMBAT_STRENGTH',		'GOLDEN_OPPONENT_MELEE_REQUIREMENTS');
-- ModifierArguments
INSERT OR REPLACE INTO ModifierArguments (ModifierId,				Name,		Value)
VALUES
('GOLDEN_ADJUST_FIRESUPPORT_MELEE',							'Amount',	15);
-- ModifierStrings
INSERT OR REPLACE INTO ModifierStrings (ModifierId,				Context,	Text)
VALUES	
('GOLDEN_ADJUST_FIRESUPPORT_MELEE',							'Preview',	'LOC_ABILITY_FIRESUPPORT_MELEE_MODIFIER_DESCRIPTION');