-- GoldenAge_Buildings_Expansion
-- DateCreated: 7/1/2021 11:24:15 PM
--------------------------------------------------------------
--For DLC compatiblity
INSERT OR IGNORE INTO Types
(Type,						Kind)	VALUES
('GOLDEN_TRAIT_NAVIGATION_SCHOOL',	'KIND_TRAIT'),
('GOLDEN_TRAIT_ALCHEMICAL_SOCIETY',	'KIND_TRAIT');
INSERT OR IGNORE INTO CivilizationTraits
(CivilizationType,	TraitType)	SELECT
'CIVILIZATION_BARBARIAN',	'GOLDEN_TRAIT_NAVIGATION_SCHOOL' WHERE NOT EXISTS (SELECT Type FROM Types WHERE Type = 'BUILDING_NAVIGATION_SCHOOL');
INSERT OR IGNORE INTO CivilizationTraits
(CivilizationType,	TraitType)	SELECT
'CIVILIZATION_BARBARIAN',	'GOLDEN_TRAIT_ALCHEMICAL_SOCIETY' WHERE NOT EXISTS (SELECT Type FROM Types WHERE Type = 'BUILDING_ALCHEMICAL_SOCIETY');
INSERT OR IGNORE INTO Types
(Type,						Kind)	VALUES
('BUILDING_NAVIGATION_SCHOOL',		'KIND_BUILDING'),
('BUILDING_ALCHEMICAL_SOCIETY',		'KIND_BUILDING');
INSERT OR IGNORE INTO Traits
(TraitType)	VALUES
('GOLDEN_TRAIT_NAVIGATION_SCHOOL'),
('GOLDEN_TRAIT_ALCHEMICAL_SOCIETY');
INSERT OR IGNORE INTO Buildings
(BuildingType,								Name,											Description,									PrereqTech,					PrereqCivic,		Cost,		PrereqDistrict,					PurChaseYield,			Maintenance,	CitizenSlots,	RegionalRange, AdvisorType, 	TraitType)		VALUES
('BUILDING_NAVIGATION_SCHOOL',				'LOC_BUILDING_NAVIGATION_SCHOOL_NAME',			'LOC_BUILDING_NAVIGATION_SCHOOL_DESCRIPTION',	'TECH_EDUCATION',			NULL,				320,		'DISTRICT_CAMPUS',				'YIELD_GOLD',			3,				1,				4,				'ADVISOR_TECHNOLOGY',	'GOLDEN_TRAIT_NAVIGATION_SCHOOL'),
('BUILDING_ALCHEMICAL_SOCIETY',				'LOC_BUILDING_ALCHEMICAL_SOCIETY_NAME',			'LOC_BUILDING_ALCHEMICAL_SOCIETY_DESCRIPTION',	'TECH_EDUCATION',			NULL,				320,		'DISTRICT_CAMPUS',				'YIELD_GOLD',			3,				1,				4,				'ADVISOR_TECHNOLOGY',	'GOLDEN_TRAIT_ALCHEMICAL_SOCIETY');

-------------------------
INSERT OR REPLACE INTO Types
(Type,						Kind)	VALUES
('BUILDING_ALCHEMY_HOUSE',		'KIND_BUILDING'),
('BUILDING_OBSERVATORY',		'KIND_BUILDING'),
('BUILDING_PUBLIC_SCHOOL',		'KIND_BUILDING'),
('BUILDING_ACADEMIC_EXCHANGE',	'KIND_BUILDING'),
('BUILDING_BIOLOGY_LAB',   		'KIND_BUILDING'),
('BUILDING_ANIMAL_LAB',   		'KIND_BUILDING'),
('BUILDING_CHEMISTRY_LAB',      'KIND_BUILDING'),
('BUILDING_GIANT_TELESCOPE',	'KIND_BUILDING'),
('BUILDING_HADRON_COLLIDER',	'KIND_BUILDING'),
('BUILDING_SUPER_COMPUTER',		'KIND_BUILDING');


INSERT OR REPLACE INTO Buildings
(BuildingType,								Name,											Description,									PrereqTech,					PrereqCivic,		Cost,		PrereqDistrict,					PurChaseYield,			Maintenance,	CitizenSlots,	RegionalRange, AdvisorType)		VALUES
('BUILDING_ALCHEMY_HOUSE',					'LOC_BUILDING_ALCHEMY_HOUSE_NAME',				'LOC_BUILDING_ALCHEMY_HOUSE_DESCRIPTION',		'TECH_THE_WHEEL',			NULL,				100,		'DISTRICT_CAMPUS',				'YIELD_GOLD',			2,				1,				3,				'ADVISOR_TECHNOLOGY'),
('BUILDING_OBSERVATORY',					'LOC_BUILDING_OBSERVATORY_NAME',				'LOC_BUILDING_OBSERVATORY_DESCRIPTION',			'TECH_ASTROLOGY',			NULL,				100,		'DISTRICT_CAMPUS',				'YIELD_GOLD',			2,				1,				3,				'ADVISOR_TECHNOLOGY'),
('BUILDING_PUBLIC_SCHOOL',					'LOC_BUILDING_PUBLIC_SCHOOL_NAME',				'LOC_BUILDING_PUBLIC_SCHOOL_DESCRIPTION',		'TECH_EDUCATION',			NULL,				360,		'DISTRICT_CAMPUS',				'YIELD_GOLD',			3,				1,				4,				'ADVISOR_TECHNOLOGY'),
('BUILDING_ACADEMIC_EXCHANGE',				'LOC_BUILDING_ACADEMIC_EXCHANGE_NAME',			'LOC_BUILDING_ACADEMIC_EXCHANGE_DESCRIPTION',	'TECH_EDUCATION',			NULL,				360,		'DISTRICT_CAMPUS',				'YIELD_GOLD',			3,				1,				4,				'ADVISOR_TECHNOLOGY'),
('BUILDING_BIOLOGY_LAB',           			'LOC_BUILDING_BIOLOGY_LAB_NAME',           		'LOC_BUILDING_BIOLOGY_LAB_DESCRIPTION',         'TECH_SANITATION', 			NULL,               800,        'DISTRICT_CAMPUS',         		'YIELD_GOLD',           4,              1,              5,				'ADVISOR_TECHNOLOGY'),
('BUILDING_ANIMAL_LAB',           			'LOC_BUILDING_ANIMAL_LAB_NAME',           		'LOC_BUILDING_ANIMAL_LAB_DESCRIPTION',         	'TECH_SANITATION', 			NULL,               800,        'DISTRICT_CAMPUS',         		'YIELD_GOLD',           4,              1,              5,				'ADVISOR_TECHNOLOGY'),
('BUILDING_CHEMISTRY_LAB',              	'LOC_BUILDING_CHEMISTRY_LAB_NAME',              'LOC_BUILDING_CHEMISTRY_LAB_DESCRIPTION',       'TECH_STEAM_POWER',         NULL,               800,        'DISTRICT_CAMPUS',       		'YIELD_GOLD',           4,              1,              5,				'ADVISOR_TECHNOLOGY'),
('BUILDING_GIANT_TELESCOPE',              	'LOC_BUILDING_GIANT_TELESCOPE_NAME',            'LOC_BUILDING_GIANT_TELESCOPE_DESCRIPTION',     'TECH_ROCKETRY',            NULL,               1600,       'DISTRICT_CAMPUS',       		'YIELD_GOLD',           5,              1,              6,				'ADVISOR_TECHNOLOGY'),
('BUILDING_HADRON_COLLIDER',              	'LOC_BUILDING_HADRON_COLLIDER_NAME',            'LOC_BUILDING_HADRON_COLLIDER_DESCRIPTION',     'TECH_NUCLEAR_FISSION',     NULL,               1600,       'DISTRICT_CAMPUS',       		'YIELD_GOLD',           5,              1,              6,				'ADVISOR_TECHNOLOGY'),
('BUILDING_SUPER_COMPUTER',              	'LOC_BUILDING_SUPER_COMPUTER_NAME',             'LOC_BUILDING_SUPER_COMPUTER_DESCRIPTION',      'TECH_COMPUTERS',           NULL,               1600,       'DISTRICT_CAMPUS',       		'YIELD_GOLD',           5,              1,              6,				'ADVISOR_TECHNOLOGY');

UPDATE Buildings SET Cost=100,	Maintenance=2, RegionalRange=3, Description='LOC_BUILDING_LIBRARY_DESCRIPTION' 
WHERE BuildingType='BUILDING_LIBRARY';
UPDATE Buildings SET Cost=360, Maintenance=3, Housing=0, RegionalRange=4, Description='LOC_BUILDING_UNIVERSITY_DESCRIPTION'
WHERE BuildingType='BUILDING_UNIVERSITY';
UPDATE Buildings SET Cost=180, Maintenance=3, Housing=0, RegionalRange=4, Description='LOC_BUILDING_MADRASA_DESCRIPTION'
WHERE BuildingType='BUILDING_MADRASA';
UPDATE Buildings SET Cost = 180, Maintenance = 3, Housing = 0, RegionalRange = 4, Description = 'LOC_BUILDING_NAVIGATION_SCHOOL_DESCRIPTION' 
WHERE BuildingType = 'BUILDING_NAVIGATION_SCHOOL' AND EXISTS (SELECT * FROM Buildings WHERE BuildingType='BUILDING_NAVIGATION_SCHOOL');
UPDATE Buildings SET Cost = 360, Maintenance = 3, Housing = 0, RegionalRange = 4, Description = 'LOC_BUILDING_ALCHEMICAL_SOCIETY_DESCRIPTION' 
WHERE BuildingType = 'BUILDING_ALCHEMICAL_SOCIETY' AND EXISTS (SELECT * FROM Buildings WHERE BuildingType='BUILDING_ALCHEMICAL_SOCIETY');
UPDATE Buildings SET Cost=800, PrereqTech='TECH_SANITATION', Maintenance=4, RegionalRange=5, Description='LOC_BUILDING_RESEARCH_LAB_DESCRIPTION'
WHERE BuildingType='BUILDING_RESEARCH_LAB';

DELETE FROM BuildingReplaces WHERE CivUniqueBuildingType = 'BUILDING_NAVIGATION_SCHOOL';
INSERT OR REPLACE INTO BuildingReplaces
(CivUniqueBuildingType,             ReplacesBuildingType)   VALUES
('BUILDING_NAVIGATION_SCHOOL',    	'BUILDING_PUBLIC_SCHOOL');


INSERT OR REPLACE INTO MutuallyExclusiveBuildings
(Building,								MutuallyExclusiveBuilding)		VALUES
('BUILDING_LIBRARY',					'BUILDING_ALCHEMY_HOUSE'),
('BUILDING_LIBRARY',					'BUILDING_OBSERVATORY'),
('BUILDING_ALCHEMY_HOUSE',				'BUILDING_LIBRARY'),
('BUILDING_ALCHEMY_HOUSE',				'BUILDING_OBSERVATORY'),
('BUILDING_OBSERVATORY',				'BUILDING_LIBRARY'),
('BUILDING_OBSERVATORY',				'BUILDING_ALCHEMY_HOUSE'),

('BUILDING_UNIVERSITY',					'BUILDING_PUBLIC_SCHOOL'),
('BUILDING_UNIVERSITY',					'BUILDING_ACADEMIC_EXCHANGE'),
('BUILDING_UNIVERSITY',					'BUILDING_NAVIGATION_SCHOOL'),
('BUILDING_PUBLIC_SCHOOL',				'BUILDING_UNIVERSITY'),
('BUILDING_PUBLIC_SCHOOL',				'BUILDING_ACADEMIC_EXCHANGE'),
('BUILDING_NAVIGATION_SCHOOL',			'BUILDING_UNIVERSITY'),
('BUILDING_NAVIGATION_SCHOOL',			'BUILDING_ACADEMIC_EXCHANGE'),
('BUILDING_ACADEMIC_EXCHANGE',			'BUILDING_PUBLIC_SCHOOL'),
('BUILDING_ACADEMIC_EXCHANGE',			'BUILDING_UNIVERSITY'),
('BUILDING_ACADEMIC_EXCHANGE',			'BUILDING_NAVIGATION_SCHOOL'),

('BUILDING_RESEARCH_LAB',				'BUILDING_BIOLOGY_LAB'),
('BUILDING_RESEARCH_LAB',				'BUILDING_ANIMAL_LAB'),
('BUILDING_RESEARCH_LAB',				'BUILDING_CHEMISTRY_LAB'),
('BUILDING_BIOLOGY_LAB',				'BUILDING_RESEARCH_LAB'),
('BUILDING_BIOLOGY_LAB',				'BUILDING_CHEMISTRY_LAB'),
('BUILDING_BIOLOGY_LAB',				'BUILDING_ANIMAL_LAB'),
('BUILDING_ANIMAL_LAB',				'BUILDING_RESEARCH_LAB'),
('BUILDING_ANIMAL_LAB',				'BUILDING_CHEMISTRY_LAB'),
('BUILDING_ANIMAL_LAB',				'BUILDING_BIOLOGY_LAB'),
('BUILDING_CHEMISTRY_LAB',				'BUILDING_RESEARCH_LAB'),
('BUILDING_CHEMISTRY_LAB',				'BUILDING_BIOLOGY_LAB'),
('BUILDING_CHEMISTRY_LAB',				'BUILDING_ANIMAL_LAB'),

('BUILDING_GIANT_TELESCOPE',			'BUILDING_HADRON_COLLIDER'),
('BUILDING_GIANT_TELESCOPE',			'BUILDING_SUPER_COMPUTER'),
('BUILDING_HADRON_COLLIDER',			'BUILDING_GIANT_TELESCOPE'),
('BUILDING_HADRON_COLLIDER',			'BUILDING_SUPER_COMPUTER'),
('BUILDING_SUPER_COMPUTER',				'BUILDING_GIANT_TELESCOPE'),
('BUILDING_SUPER_COMPUTER',				'BUILDING_HADRON_COLLIDER');

INSERT OR REPLACE INTO BuildingPrereqs
(Building,							PrereqBuilding)		VALUES
('BUILDING_UNIVERSITY',					'BUILDING_ALCHEMY_HOUSE'),
('BUILDING_UNIVERSITY',					'BUILDING_OBSERVATORY'),
('BUILDING_UNIVERSITY',					'BUILDING_LIBRARY'),
('BUILDING_ALCHEMICAL_SOCIETY',			'BUILDING_ALCHEMY_HOUSE'),
('BUILDING_ALCHEMICAL_SOCIETY',			'BUILDING_OBSERVATORY'),
('BUILDING_ALCHEMICAL_SOCIETY',			'BUILDING_LIBRARY'),
('BUILDING_NAVIGATION_SCHOOL',			'BUILDING_ALCHEMY_HOUSE'),
('BUILDING_NAVIGATION_SCHOOL',			'BUILDING_OBSERVATORY'),
('BUILDING_NAVIGATION_SCHOOL',			'BUILDING_LIBRARY'),
('BUILDING_PUBLIC_SCHOOL',				'BUILDING_ALCHEMY_HOUSE'),
('BUILDING_PUBLIC_SCHOOL',				'BUILDING_OBSERVATORY'),
('BUILDING_PUBLIC_SCHOOL',				'BUILDING_LIBRARY'),
('BUILDING_ACADEMIC_EXCHANGE',			'BUILDING_ALCHEMY_HOUSE'),
('BUILDING_ACADEMIC_EXCHANGE',			'BUILDING_OBSERVATORY'),
('BUILDING_ACADEMIC_EXCHANGE',			'BUILDING_LIBRARY'),
('BUILDING_MADRASA',					'BUILDING_ALCHEMY_HOUSE'),
('BUILDING_MADRASA',					'BUILDING_OBSERVATORY'),
('BUILDING_MADRASA',					'BUILDING_LIBRARY'),

('BUILDING_RESEARCH_LAB',				'BUILDING_UNIVERSITY'),
('BUILDING_RESEARCH_LAB',				'BUILDING_ALCHEMICAL_SOCIETY'),
('BUILDING_RESEARCH_LAB',				'BUILDING_NAVIGATION_SCHOOL'),
('BUILDING_RESEARCH_LAB',				'BUILDING_PUBLIC_SCHOOL'),
('BUILDING_RESEARCH_LAB',				'BUILDING_ACADEMIC_EXCHANGE'),
('BUILDING_RESEARCH_LAB',				'BUILDING_MADRASA'),
('BUILDING_BIOLOGY_LAB',				'BUILDING_UNIVERSITY'),
('BUILDING_BIOLOGY_LAB',				'BUILDING_ALCHEMICAL_SOCIETY'),
('BUILDING_BIOLOGY_LAB',				'BUILDING_NAVIGATION_SCHOOL'),
('BUILDING_BIOLOGY_LAB',				'BUILDING_PUBLIC_SCHOOL'),
('BUILDING_BIOLOGY_LAB',				'BUILDING_ACADEMIC_EXCHANGE'),
('BUILDING_BIOLOGY_LAB',				'BUILDING_MADRASA'),
('BUILDING_ANIMAL_LAB',				'BUILDING_UNIVERSITY'),
('BUILDING_ANIMAL_LAB',				'BUILDING_ALCHEMICAL_SOCIETY'),
('BUILDING_ANIMAL_LAB',				'BUILDING_NAVIGATION_SCHOOL'),
('BUILDING_ANIMAL_LAB',				'BUILDING_PUBLIC_SCHOOL'),
('BUILDING_ANIMAL_LAB',				'BUILDING_ACADEMIC_EXCHANGE'),
('BUILDING_ANIMAL_LAB',				'BUILDING_MADRASA'),
('BUILDING_CHEMISTRY_LAB',				'BUILDING_UNIVERSITY'),
('BUILDING_CHEMISTRY_LAB',				'BUILDING_ALCHEMICAL_SOCIETY'),
('BUILDING_CHEMISTRY_LAB',				'BUILDING_NAVIGATION_SCHOOL'),
('BUILDING_CHEMISTRY_LAB',				'BUILDING_PUBLIC_SCHOOL'),
('BUILDING_CHEMISTRY_LAB',				'BUILDING_ACADEMIC_EXCHANGE'),
('BUILDING_CHEMISTRY_LAB',				'BUILDING_MADRASA'),

('BUILDING_GIANT_TELESCOPE',			'BUILDING_RESEARCH_LAB'),
('BUILDING_GIANT_TELESCOPE',			'BUILDING_BIOLOGY_LAB'),
('BUILDING_GIANT_TELESCOPE',			'BUILDING_CHEMISTRY_LAB'),
('BUILDING_GIANT_TELESCOPE',			'BUILDING_ANIMAL_LAB'),
('BUILDING_HADRON_COLLIDER',			'BUILDING_RESEARCH_LAB'),
('BUILDING_HADRON_COLLIDER',			'BUILDING_BIOLOGY_LAB'),
('BUILDING_HADRON_COLLIDER',			'BUILDING_CHEMISTRY_LAB'),
('BUILDING_HADRON_COLLIDER',			'BUILDING_ANIMAL_LAB'),
('BUILDING_SUPER_COMPUTER',				'BUILDING_RESEARCH_LAB'),
('BUILDING_SUPER_COMPUTER',				'BUILDING_BIOLOGY_LAB'),
('BUILDING_SUPER_COMPUTER',				'BUILDING_ANIMAL_LAB'),
('BUILDING_SUPER_COMPUTER',				'BUILDING_CHEMISTRY_LAB');

INSERT OR REPLACE INTO District_CitizenGreatPersonPoints
(DistrictType,						GreatPersonClassType,				PointsPerTurn) VALUES
('DISTRICT_CAMPUS',					'GREAT_PERSON_CLASS_SCIENTIST',		1);

INSERT OR REPLACE INTO Building_GreatPersonPoints
(BuildingType,						GreatPersonClassType,				PointsPerTurn)		SELECT
BuildingType,						'GREAT_PERSON_CLASS_SCIENTIST',		1	FROM Buildings WHERE PrereqDistrict = 'DISTRICT_CAMPUS';

INSERT OR REPLACE INTO Building_YieldChanges
(BuildingType,							YieldType,			YieldChange)		VALUES
('BUILDING_LIBRARY',					'YIELD_SCIENCE',	2),
('BUILDING_OBSERVATORY',				'YIELD_SCIENCE',	2),
('BUILDING_ALCHEMY_HOUSE',				'YIELD_SCIENCE',	2),
('BUILDING_UNIVERSITY',					'YIELD_SCIENCE',	4),
('BUILDING_PUBLIC_SCHOOL',				'YIELD_SCIENCE',	4),
('BUILDING_ACADEMIC_EXCHANGE',			'YIELD_SCIENCE',	4),
('BUILDING_MADRASA',					'YIELD_SCIENCE',	4),
('BUILDING_ALCHEMICAL_SOCIETY',			'YIELD_SCIENCE',	4),
('BUILDING_NAVIGATION_SCHOOL',			'YIELD_SCIENCE',	4),
('BUILDING_RESEARCH_LAB',				'YIELD_SCIENCE',	6),
('BUILDING_CHEMISTRY_LAB',				'YIELD_SCIENCE',	6),
('BUILDING_BIOLOGY_LAB',				'YIELD_SCIENCE',	6),
('BUILDING_ANIMAL_LAB',					'YIELD_SCIENCE',	6),
('BUILDING_GIANT_TELESCOPE',			'YIELD_SCIENCE',	8),
('BUILDING_HADRON_COLLIDER',			'YIELD_SCIENCE',	8),
('BUILDING_SUPER_COMPUTER',				'YIELD_SCIENCE',	8);

INSERT OR REPLACE INTO Buildings_XP2
(BuildingType,						RequiredPower)		VALUES
('BUILDING_LIBRARY',				1),
('BUILDING_OBSERVATORY',			1),
('BUILDING_ALCHEMY_HOUSE',			1),

('BUILDING_UNIVERSITY',				2),
('BUILDING_PUBLIC_SCHOOL',			2),
('BUILDING_ACADEMIC_EXCHANGE', 	    2),
('BUILDING_MADRASA',				2),
('BUILDING_ALCHEMICAL_SOCIETY',		2),
('BUILDING_NAVIGATION_SCHOOL',      2),

('BUILDING_RESEARCH_LAB',			3),
('BUILDING_CHEMISTRY_LAB',			3),
('BUILDING_BIOLOGY_LAB',      		3),
('BUILDING_ANIMAL_LAB',      		3),

('BUILDING_GIANT_TELESCOPE',        4),
('BUILDING_HADRON_COLLIDER',       	4),
('BUILDING_SUPER_COMPUTER',   		4);

INSERT OR REPLACE INTO Building_YieldChangesBonusWithPower
(BuildingType,						YieldType,			YieldChange)		VALUES
('BUILDING_LIBRARY',				'YIELD_SCIENCE',	2),
('BUILDING_OBSERVATORY',			'YIELD_SCIENCE',	2),
('BUILDING_ALCHEMY_HOUSE',			'YIELD_SCIENCE',	2),

('BUILDING_UNIVERSITY',				'YIELD_SCIENCE',	4),
('BUILDING_PUBLIC_SCHOOL',			'YIELD_SCIENCE',	4),
('BUILDING_ACADEMIC_EXCHANGE', 	    'YIELD_SCIENCE',	4),
('BUILDING_MADRASA',				'YIELD_SCIENCE',	4),
('BUILDING_ALCHEMICAL_SOCIETY',		'YIELD_SCIENCE',	4),
('BUILDING_NAVIGATION_SCHOOL',      'YIELD_SCIENCE',	4),

('BUILDING_RESEARCH_LAB',			'YIELD_SCIENCE',	6),
('BUILDING_CHEMISTRY_LAB',			'YIELD_SCIENCE',	6),
('BUILDING_BIOLOGY_LAB',      		'YIELD_SCIENCE',	6),
('BUILDING_ANIMAL_LAB',      		'YIELD_SCIENCE',	6),

('BUILDING_GIANT_TELESCOPE',        'YIELD_SCIENCE',	8),
('BUILDING_HADRON_COLLIDER',       	'YIELD_SCIENCE',	8),
('BUILDING_SUPER_COMPUTER',   		'YIELD_SCIENCE',	8);

INSERT OR REPLACE INTO Building_CitizenYieldChanges
(BuildingType,						YieldType,			YieldChange)		VALUES
('BUILDING_LIBRARY',				'YIELD_SCIENCE',	1),
('BUILDING_OBSERVATORY',			'YIELD_SCIENCE',	1),
('BUILDING_ALCHEMY_HOUSE',			'YIELD_SCIENCE',	1),

('BUILDING_UNIVERSITY',				'YIELD_SCIENCE',	1),
('BUILDING_PUBLIC_SCHOOL',			'YIELD_SCIENCE',	1),
('BUILDING_ACADEMIC_EXCHANGE', 	    'YIELD_SCIENCE',	1),
('BUILDING_MADRASA',				'YIELD_SCIENCE',	1),
('BUILDING_ALCHEMICAL_SOCIETY',		'YIELD_SCIENCE',	1),
('BUILDING_NAVIGATION_SCHOOL',      'YIELD_SCIENCE',	1),

('BUILDING_RESEARCH_LAB',			'YIELD_SCIENCE',	1),
('BUILDING_CHEMISTRY_LAB',			'YIELD_SCIENCE',	1),
('BUILDING_BIOLOGY_LAB',      		'YIELD_SCIENCE',	1),
('BUILDING_ANIMAL_LAB',      		'YIELD_SCIENCE',	1),

('BUILDING_GIANT_TELESCOPE',        'YIELD_SCIENCE',	1),
('BUILDING_HADRON_COLLIDER',       	'YIELD_SCIENCE',	1),
('BUILDING_SUPER_COMPUTER',   		'YIELD_SCIENCE',	1);

--Library
INSERT OR REPLACE INTO Building_YieldsPerEra
(BuildingType,							YieldType,			YieldChange)	VALUES
('BUILDING_LIBRARY',					'YIELD_SCIENCE',	2);

--Alchemy_house
INSERT OR REPLACE INTO BuildingModifiers
(BuildingType,								ModifierId) SELECT
'BUILDING_ALCHEMY_HOUSE',			'GOLDEN_ALCHEMY_HOUSE_ADD'||FeatureType||'SCIENCE' FROM Features;
INSERT OR REPLACE INTO Modifiers (ModifierId, ModifierType, RunOnce, Permanent, NewOnly, OwnerRequirementSetId, SubjectRequirementSetId) SELECT
'GOLDEN_ALCHEMY_HOUSE_ADD'||FeatureType||'SCIENCE',	'MODIFIER_BUILDING_YIELD_CHANGE',	0, 0, 0, 'GOLDEN_CITY_HAS_'||FeatureType||'REQUIREMENTS', NULL FROM Features;
INSERT OR REPLACE INTO ModifierArguments (ModifierId, Name, Value) SELECT 
'GOLDEN_ALCHEMY_HOUSE_ADD'||FeatureType||'SCIENCE',	  'BuildingType',	'BUILDING_ALCHEMY_HOUSE'  FROM Features;
INSERT OR REPLACE INTO ModifierArguments (ModifierId, Name, Value) SELECT 
'GOLDEN_ALCHEMY_HOUSE_ADD'||FeatureType||'SCIENCE',	  'YieldType',		'YIELD_SCIENCE'  FROM Features;
INSERT OR REPLACE INTO ModifierArguments (ModifierId, Name, Value) SELECT 
'GOLDEN_ALCHEMY_HOUSE_ADD'||FeatureType||'SCIENCE',	  'Amount',			1  FROM Features;
INSERT OR REPLACE INTO ModifierArguments (ModifierId, Name, Value) SELECT 
'GOLDEN_ALCHEMY_HOUSE_ADD'||FeatureType||'SCIENCE',	  'CityStatesOnly',	0  FROM Features;


INSERT OR REPLACE INTO RequirementSets (RequirementSetId, RequirementSetType) SELECT 
'GOLDEN_CITY_HAS_'||FeatureType||'REQUIREMENTS', 'REQUIREMENTSET_TEST_ALL' FROM Features;
INSERT OR REPLACE INTO RequirementSetRequirements (RequirementSetId, RequirementId) SELECT 
'GOLDEN_CITY_HAS_'||FeatureType||'REQUIREMENTS', 'GOLDEN_REQUIRES_CITY_HAS_'||FeatureType  FROM Features;
INSERT OR REPLACE INTO Requirements (RequirementId, RequirementType) SELECT 
'GOLDEN_REQUIRES_CITY_HAS_'||FeatureType, 'REQUIREMENT_CITY_HAS_X_FEATURE_TYPE' FROM Features;
INSERT OR REPLACE INTO RequirementArguments (RequirementId, Name, Value) SELECT 
'GOLDEN_REQUIRES_CITY_HAS_'||FeatureType, 'Amount', 1 FROM Features;
INSERT OR REPLACE INTO RequirementArguments (RequirementId, Name, Value) SELECT 
'GOLDEN_REQUIRES_CITY_HAS_'||FeatureType, 'FeatureType', FeatureType FROM Features;

--Observatory
INSERT OR REPLACE INTO BuildingModifiers
(BuildingType,								ModifierId) VALUES 
('BUILDING_OBSERVATORY', 					'GOLDEN_OBSERVATORY_GRASS_MOUNTAIN_SCIENCE'),
('BUILDING_OBSERVATORY', 					'GOLDEN_OBSERVATORY_PLAINS_MOUNTAIN_SCIENCE'),
('BUILDING_OBSERVATORY', 					'GOLDEN_OBSERVATORY_DESERT_MOUNTAIN_SCIENCE'),
('BUILDING_OBSERVATORY', 					'GOLDEN_OBSERVATORY_TUNDRA_MOUNTAIN_SCIENCE'),
('BUILDING_OBSERVATORY', 					'GOLDEN_OBSERVATORY_SNOW_MOUNTAIN_SCIENCE');
INSERT OR REPLACE INTO Modifiers (ModifierId, ModifierType, RunOnce, Permanent, NewOnly, OwnerRequirementSetId, SubjectRequirementSetId) VALUES 
('GOLDEN_OBSERVATORY_GRASS_MOUNTAIN_SCIENCE',	'MODIFIER_CITY_ADJUST_CITY_YIELD_PER_TERRAIN_TYPE',	0, 0, 0, NULL, NULL),
('GOLDEN_OBSERVATORY_PLAINS_MOUNTAIN_SCIENCE',	'MODIFIER_CITY_ADJUST_CITY_YIELD_PER_TERRAIN_TYPE',	0, 0, 0, NULL, NULL),
('GOLDEN_OBSERVATORY_DESERT_MOUNTAIN_SCIENCE',	'MODIFIER_CITY_ADJUST_CITY_YIELD_PER_TERRAIN_TYPE',	0, 0, 0, NULL, NULL),
('GOLDEN_OBSERVATORY_TUNDRA_MOUNTAIN_SCIENCE',	'MODIFIER_CITY_ADJUST_CITY_YIELD_PER_TERRAIN_TYPE',	0, 0, 0, NULL, NULL),
('GOLDEN_OBSERVATORY_SNOW_MOUNTAIN_SCIENCE',	'MODIFIER_CITY_ADJUST_CITY_YIELD_PER_TERRAIN_TYPE',	0, 0, 0, NULL, NULL);
INSERT OR REPLACE INTO ModifierArguments (ModifierId, Name, Value) VALUES 
('GOLDEN_OBSERVATORY_GRASS_MOUNTAIN_SCIENCE',	'YieldType',	'YIELD_SCIENCE'),
('GOLDEN_OBSERVATORY_GRASS_MOUNTAIN_SCIENCE',	'Amount',		2),
('GOLDEN_OBSERVATORY_GRASS_MOUNTAIN_SCIENCE',	'TerrainType',	'TERRAIN_GRASS_MOUNTAIN'),
('GOLDEN_OBSERVATORY_PLAINS_MOUNTAIN_SCIENCE',	'YieldType',	'YIELD_SCIENCE'),
('GOLDEN_OBSERVATORY_PLAINS_MOUNTAIN_SCIENCE',	'Amount',		2),
('GOLDEN_OBSERVATORY_PLAINS_MOUNTAIN_SCIENCE',	'TerrainType',	'TERRAIN_PLAINS_MOUNTAIN'),
('GOLDEN_OBSERVATORY_DESERT_MOUNTAIN_SCIENCE',	'YieldType',	'YIELD_SCIENCE'),
('GOLDEN_OBSERVATORY_DESERT_MOUNTAIN_SCIENCE',	'Amount',		2),
('GOLDEN_OBSERVATORY_DESERT_MOUNTAIN_SCIENCE',	'TerrainType',	'TERRAIN_DESERT_MOUNTAIN'),
('GOLDEN_OBSERVATORY_TUNDRA_MOUNTAIN_SCIENCE',	'YieldType',	'YIELD_SCIENCE'),
('GOLDEN_OBSERVATORY_TUNDRA_MOUNTAIN_SCIENCE',	'Amount',		2),
('GOLDEN_OBSERVATORY_TUNDRA_MOUNTAIN_SCIENCE',	'TerrainType',	'TERRAIN_TUNDRA_MOUNTAIN'),
('GOLDEN_OBSERVATORY_SNOW_MOUNTAIN_SCIENCE',	'YieldType',	'YIELD_SCIENCE'),
('GOLDEN_OBSERVATORY_SNOW_MOUNTAIN_SCIENCE',	'Amount',		2),
('GOLDEN_OBSERVATORY_SNOW_MOUNTAIN_SCIENCE',	'TerrainType',	'TERRAIN_SNOW_MOUNTAIN');

--T2 University
CREATE TABLE 'GA_Adjacency' ('AdjacencyValue' INT NOT NULL);
INSERT OR REPLACE INTO GA_Adjacency (AdjacencyValue) VALUES 		
(1),(2),(3),(4),(5),(6),(7),(8),(9),(10),
(11),(12),(13),(14),(15),(16),(17),(18),(19),(20),
(21),(22),(23),(24),(25),(26),(27),(28),(29),(30);

INSERT OR REPLACE INTO BuildingModifiers (BuildingType,					ModifierId) SELECT	
'BUILDING_UNIVERSITY',			'GOLDEN_UNIVERSITY_SCIENCE_ADJACENCY_' ||AdjacencyValue FROM GA_Adjacency;
INSERT OR REPLACE INTO BuildingModifiers (BuildingType,					ModifierId) SELECT	
'BUILDING_MADRASA',				'GOLDEN_MADRASA_SCIENCE_ADJACENCY_' ||AdjacencyValue FROM GA_Adjacency;
INSERT OR REPLACE INTO BuildingModifiers (BuildingType,					ModifierId) SELECT	
'BUILDING_ALCHEMICAL_SOCIETY',	'GOLDEN_ALCHEMICAL_SOCIETY_SCIENCE_ADJACENCY_' ||AdjacencyValue FROM GA_Adjacency;
INSERT OR REPLACE INTO Modifiers
(ModifierId ,                                					ModifierType,                       SubjectRequirementSetId) SELECT 
'GOLDEN_UNIVERSITY_SCIENCE_ADJACENCY_' ||AdjacencyValue,        'MODIFIER_BUILDING_YIELD_CHANGE',   'GOLDEN_CAMPUS_SCIENCE_' ||AdjacencyValue|| '_REQUIREMENTS' FROM GA_Adjacency;
INSERT OR REPLACE INTO Modifiers
(ModifierId ,                                					ModifierType,                       SubjectRequirementSetId) SELECT 
'GOLDEN_MADRASA_SCIENCE_ADJACENCY_' ||AdjacencyValue,        'MODIFIER_BUILDING_YIELD_CHANGE',   'GOLDEN_CAMPUS_SCIENCE_' ||AdjacencyValue|| '_REQUIREMENTS' FROM GA_Adjacency;
INSERT OR REPLACE INTO Modifiers
(ModifierId ,                                					ModifierType,                       SubjectRequirementSetId) SELECT 
'GOLDEN_ALCHEMICAL_SOCIETY_SCIENCE_ADJACENCY_' ||AdjacencyValue,        'MODIFIER_BUILDING_YIELD_CHANGE',   'GOLDEN_CAMPUS_SCIENCE_' ||AdjacencyValue|| '_REQUIREMENTS' FROM GA_Adjacency;
INSERT OR REPLACE INTO ModifierArguments
(ModifierId , Name , Value) SELECT 
ModifierId , 'Amount' , 		1 FROM BuildingModifiers WHERE ModifierId LIKE 'GOLDEN_UNIVERSITY_SCIENCE_ADJACENCY_%';
INSERT OR REPLACE INTO ModifierArguments
(ModifierId , Name , Value) SELECT 
ModifierId , 'BuildingType' , 	'BUILDING_UNIVERSITY' FROM BuildingModifiers WHERE ModifierId LIKE 'GOLDEN_UNIVERSITY_SCIENCE_ADJACENCY_%';
INSERT OR REPLACE INTO ModifierArguments
(ModifierId , Name , Value) SELECT 
ModifierId , 'YieldType' , 		'YIELD_SCIENCE' FROM BuildingModifiers WHERE ModifierId LIKE 'GOLDEN_UNIVERSITY_SCIENCE_ADJACENCY_%';
INSERT OR REPLACE INTO ModifierArguments
(ModifierId , Name , Value) SELECT 
ModifierId , 'Amount' , 		1 FROM BuildingModifiers WHERE ModifierId LIKE 'GOLDEN_MADRASA_SCIENCE_ADJACENCY_%';
INSERT OR REPLACE INTO ModifierArguments
(ModifierId , Name , Value) SELECT 
ModifierId , 'BuildingType' , 	'BUILDING_MADRASA' FROM BuildingModifiers WHERE ModifierId LIKE 'GOLDEN_MADRASA_SCIENCE_ADJACENCY_%';
INSERT OR REPLACE INTO ModifierArguments
(ModifierId , Name , Value) SELECT 
ModifierId , 'YieldType' , 		'YIELD_SCIENCE' FROM BuildingModifiers WHERE ModifierId LIKE 'GOLDEN_MADRASA_SCIENCE_ADJACENCY_%';
INSERT OR REPLACE INTO ModifierArguments
(ModifierId , Name , Value) SELECT 
ModifierId , 'Amount' , 		1 FROM BuildingModifiers WHERE ModifierId LIKE 'GOLDEN_ALCHEMICAL_SOCIETY_SCIENCE_ADJACENCY_%';
INSERT OR REPLACE INTO ModifierArguments
(ModifierId , Name , Value) SELECT 
ModifierId , 'BuildingType' , 	'BUILDING_ALCHEMICAL_SOCIETY' FROM BuildingModifiers WHERE ModifierId LIKE 'GOLDEN_ALCHEMICAL_SOCIETY_SCIENCE_ADJACENCY_%';
INSERT OR REPLACE INTO ModifierArguments
(ModifierId , Name , Value) SELECT 
ModifierId , 'YieldType' , 		'YIELD_SCIENCE' FROM BuildingModifiers WHERE ModifierId LIKE 'GOLDEN_ALCHEMICAL_SOCIETY_SCIENCE_ADJACENCY_%';

INSERT OR IGNORE INTO RequirementSets
(RequirementSetId,							RequirementSetType) SELECT
'GOLDEN_CAMPUS_SCIENCE_' ||AdjacencyValue|| '_REQUIREMENTS', 'REQUIREMENTSET_TEST_ALL' FROM GA_Adjacency;
INSERT OR IGNORE INTO RequirementSetRequirements
(RequirementSetId,							RequirementId) SELECT
'GOLDEN_CAMPUS_SCIENCE_' ||AdjacencyValue|| '_REQUIREMENTS', 'GOLDEN_REQUIRES_CAMPUS_SCIENCE_' ||AdjacencyValue FROM GA_Adjacency;
INSERT OR IGNORE INTO Requirements
(RequirementId,										RequirementType) SELECT
'GOLDEN_REQUIRES_CAMPUS_SCIENCE_' ||AdjacencyValue, 'REQUIREMENT_CITY_HAS_HIGH_ADJACENCY_DISTRICT' FROM GA_Adjacency;
INSERT OR IGNORE INTO RequirementArguments
(RequirementId,										Name,				Value) SELECT
'GOLDEN_REQUIRES_CAMPUS_SCIENCE_' ||AdjacencyValue, 'Amount', 		AdjacencyValue FROM GA_Adjacency;
INSERT OR IGNORE INTO RequirementArguments
(RequirementId,										Name,				Value) SELECT
'GOLDEN_REQUIRES_CAMPUS_SCIENCE_' ||AdjacencyValue, 'DistrictType', 'DISTRICT_CAMPUS' FROM GA_Adjacency;
INSERT OR IGNORE INTO RequirementArguments
(RequirementId,										Name,				Value) SELECT
'GOLDEN_REQUIRES_CAMPUS_SCIENCE_' ||AdjacencyValue, 'YieldType', 	'YIELD_SCIENCE' FROM GA_Adjacency;

--T2 Public school
INSERT OR REPLACE INTO BuildingModifiers (BuildingType, ModifierId) VALUES 
('BUILDING_PUBLIC_SCHOOL', 'GOLDEN_PUBLIC_SCHOOL_POPULATION_SCIENCE');
INSERT OR REPLACE INTO Modifiers (ModifierId, ModifierType, RunOnce, Permanent, NewOnly, OwnerRequirementSetId, SubjectRequirementSetId) VALUES 
('GOLDEN_PUBLIC_SCHOOL_POPULATION_SCIENCE', 'MODIFIER_SINGLE_CITY_ADJUST_CITY_YIELD_PER_POPULATION', 0, 0, 0, NULL, NULL);
INSERT OR REPLACE INTO ModifierArguments (ModifierId, Name, Value) VALUES 
('GOLDEN_PUBLIC_SCHOOL_POPULATION_SCIENCE', 'Amount', 	0.5), 
('GOLDEN_PUBLIC_SCHOOL_POPULATION_SCIENCE', 'YieldType', 'YIELD_SCIENCE');

--T2 Navigation school
INSERT OR REPLACE INTO BuildingModifiers (BuildingType, ModifierId) VALUES 
('BUILDING_NAVIGATION_SCHOOL', 'GOLDEN_NAVIGATION_SCHOOL_POPULATION_SCIENCE');
INSERT OR REPLACE INTO Modifiers (ModifierId, ModifierType, RunOnce, Permanent, NewOnly, OwnerRequirementSetId, SubjectRequirementSetId) VALUES 
('GOLDEN_NAVIGATION_SCHOOL_POPULATION_SCIENCE', 'MODIFIER_SINGLE_CITY_ADJUST_CITY_YIELD_PER_POPULATION', 0, 0, 0, NULL, NULL);
INSERT OR REPLACE INTO ModifierArguments (ModifierId, Name, Value) VALUES 
('GOLDEN_NAVIGATION_SCHOOL_POPULATION_SCIENCE', 'Amount', 	0.5), 
('GOLDEN_NAVIGATION_SCHOOL_POPULATION_SCIENCE', 'YieldType', 'YIELD_SCIENCE');

--T2 Academic exchange
INSERT OR REPLACE INTO BuildingModifiers (BuildingType, ModifierId) VALUES 
('BUILDING_ACADEMIC_EXCHANGE', 'GOLDEN_ACADEMIC_EXCHANGE_SCIENCE_FROM_INTERNATIONAL'),
('BUILDING_ACADEMIC_EXCHANGE', 'GOLDEN_ACADEMIC_EXCHANGE_SCIENCE_FROM_DOMESTIC'),
('BUILDING_ACADEMIC_EXCHANGE', 'GOLDEN_ACADEMIC_EXCHANGE_GOLD_FROM_INTERNATIONAL'),
('BUILDING_ACADEMIC_EXCHANGE', 'GOLDEN_ACADEMIC_EXCHANGE_GOLD_FROM_DOMESTIC');
INSERT OR REPLACE INTO Modifiers (ModifierId, ModifierType, RunOnce, Permanent, NewOnly, OwnerRequirementSetId, SubjectRequirementSetId) VALUES 
('GOLDEN_ACADEMIC_EXCHANGE_SCIENCE_FROM_INTERNATIONAL', 'MODIFIER_PLAYER_ADJUST_TRADE_ROUTE_YIELD_FOR_INTERNATIONAL', 0, 0, 0, NULL, NULL),
('GOLDEN_ACADEMIC_EXCHANGE_SCIENCE_FROM_DOMESTIC',		'MODIFIER_PLAYER_ADJUST_TRADE_ROUTE_YIELD_FOR_DOMESTIC', 	  0, 0, 0, NULL, NULL),
('GOLDEN_ACADEMIC_EXCHANGE_GOLD_FROM_INTERNATIONAL', 	'MODIFIER_PLAYER_ADJUST_TRADE_ROUTE_YIELD_FOR_INTERNATIONAL', 0, 0, 0, NULL, NULL),
('GOLDEN_ACADEMIC_EXCHANGE_GOLD_FROM_DOMESTIC',			'MODIFIER_PLAYER_ADJUST_TRADE_ROUTE_YIELD_FOR_DOMESTIC', 	  0, 0, 0, NULL, NULL);
INSERT OR REPLACE INTO ModifierArguments (ModifierId, Name, Value) VALUES 
('GOLDEN_ACADEMIC_EXCHANGE_SCIENCE_FROM_INTERNATIONAL', 'Amount', 1),  
('GOLDEN_ACADEMIC_EXCHANGE_SCIENCE_FROM_INTERNATIONAL', 'YieldType', 'YIELD_SCIENCE'),
('GOLDEN_ACADEMIC_EXCHANGE_SCIENCE_FROM_DOMESTIC', 		'Amount', 1),  
('GOLDEN_ACADEMIC_EXCHANGE_SCIENCE_FROM_DOMESTIC', 		'YieldType', 'YIELD_SCIENCE'),
('GOLDEN_ACADEMIC_EXCHANGE_GOLD_FROM_INTERNATIONAL', 	'Amount', -1),  
('GOLDEN_ACADEMIC_EXCHANGE_GOLD_FROM_INTERNATIONAL', 	'YieldType', 'YIELD_GOLD'),
('GOLDEN_ACADEMIC_EXCHANGE_GOLD_FROM_DOMESTIC', 		'Amount', -1),  
('GOLDEN_ACADEMIC_EXCHANGE_GOLD_FROM_DOMESTIC', 		'YieldType', 'YIELD_GOLD');


-- T3
INSERT OR REPLACE INTO ImprovementModifiers
(ImprovementType, 						ModifierId) VALUES 
('IMPROVEMENT_QUARRY', 					'GOLDEN_QUARRY_CHEMISTRY_LAB_SCIENCE'),
('IMPROVEMENT_MINE', 					'GOLDEN_MINE_CHEMISTRY_LAB_SCIENCE'),
('IMPROVEMENT_OIL_WELL', 				'GOLDEN_OIL_WELL_CHEMISTRY_LAB_SCIENCE'),
('IMPROVEMENT_PLANTATION', 				'GOLDEN_PLANTATION_BIOLOGY_LAB_SCIENCE'),
('IMPROVEMENT_CAMP', 					'GOLDEN_CAMP_BIOLOGY_LAB_SCIENCE'),
('IMPROVEMENT_PASTURE', 				'GOLDEN_PASTURE_BIOLOGY_LAB_SCIENCE'),
('IMPROVEMENT_FARM', 					'GOLDEN_FARM_BIOLOGY_LAB_SCIENCE'),
('IMPROVEMENT_FISHING_BOATS', 			'GOLDEN_FISHING_BOATS_RESEARCH_LAB_SCIENCE'),
('IMPROVEMENT_OFFSHORE_OIL_RIG', 		'GOLDEN_OFFSHORE_OIL_RIG_RESEARCH_LAB_SCIENCE');

INSERT OR REPLACE INTO Modifiers (ModifierId, ModifierType, RunOnce, Permanent, NewOnly, OwnerRequirementSetId, SubjectRequirementSetId) VALUES 
('GOLDEN_QUARRY_CHEMISTRY_LAB_SCIENCE', 		'MODIFIER_PLAYER_CITIES_ADJUST_BUILDING_YIELD_CHANGE', 0, 0, 0, 'GOLDEN_PLOT_HAS_RESOURCE_IS_ADJACENT_TO_CAMPUS_REQUIREMENTS', NULL),
('GOLDEN_MINE_CHEMISTRY_LAB_SCIENCE', 			'MODIFIER_PLAYER_CITIES_ADJUST_BUILDING_YIELD_CHANGE', 0, 0, 0, 'GOLDEN_PLOT_HAS_RESOURCE_IS_ADJACENT_TO_CAMPUS_REQUIREMENTS', NULL),
('GOLDEN_OIL_WELL_CHEMISTRY_LAB_SCIENCE', 		'MODIFIER_PLAYER_CITIES_ADJUST_BUILDING_YIELD_CHANGE', 0, 0, 0, 'GOLDEN_PLOT_HAS_RESOURCE_IS_ADJACENT_TO_CAMPUS_REQUIREMENTS', NULL),
('GOLDEN_PLANTATION_BIOLOGY_LAB_SCIENCE', 		'MODIFIER_PLAYER_CITIES_ADJUST_BUILDING_YIELD_CHANGE', 0, 0, 0, 'GOLDEN_PLOT_HAS_RESOURCE_IS_ADJACENT_TO_CAMPUS_REQUIREMENTS', NULL),
('GOLDEN_CAMP_BIOLOGY_LAB_SCIENCE', 			'MODIFIER_PLAYER_CITIES_ADJUST_BUILDING_YIELD_CHANGE', 0, 0, 0, 'GOLDEN_PLOT_HAS_RESOURCE_IS_ADJACENT_TO_CAMPUS_REQUIREMENTS', NULL),
('GOLDEN_PASTURE_BIOLOGY_LAB_SCIENCE', 			'MODIFIER_PLAYER_CITIES_ADJUST_BUILDING_YIELD_CHANGE', 0, 0, 0, 'GOLDEN_PLOT_HAS_RESOURCE_IS_ADJACENT_TO_CAMPUS_REQUIREMENTS', NULL),
('GOLDEN_FARM_BIOLOGY_LAB_SCIENCE', 			'MODIFIER_PLAYER_CITIES_ADJUST_BUILDING_YIELD_CHANGE', 0, 0, 0, 'GOLDEN_PLOT_HAS_RESOURCE_IS_ADJACENT_TO_CAMPUS_REQUIREMENTS', NULL),
('GOLDEN_FISHING_BOATS_RESEARCH_LAB_SCIENCE', 	'MODIFIER_PLAYER_CITIES_ADJUST_BUILDING_YIELD_CHANGE', 0, 0, 0, 'GOLDEN_PLOT_HAS_RESOURCE_IS_FAR_ADJACENT_TO_CAMPUS_REQUIREMENTS', NULL),
('GOLDEN_OFFSHORE_OIL_RIG_RESEARCH_LAB_SCIENCE','MODIFIER_PLAYER_CITIES_ADJUST_BUILDING_YIELD_CHANGE', 0, 0, 0, 'GOLDEN_PLOT_HAS_RESOURCE_IS_FAR_ADJACENT_TO_CAMPUS_REQUIREMENTS', NULL);

INSERT OR REPLACE INTO ModifierArguments (ModifierId, Name, Value) VALUES 
('GOLDEN_QUARRY_CHEMISTRY_LAB_SCIENCE', 				'Amount', 			1), 
('GOLDEN_QUARRY_CHEMISTRY_LAB_SCIENCE', 				'BuildingType', 	'BUILDING_CHEMISTRY_LAB'), 
('GOLDEN_QUARRY_CHEMISTRY_LAB_SCIENCE', 				'CityStatesOnly', 	0), 
('GOLDEN_QUARRY_CHEMISTRY_LAB_SCIENCE', 				'YieldType', 		'YIELD_SCIENCE'),
('GOLDEN_MINE_CHEMISTRY_LAB_SCIENCE', 					'Amount', 			1), 
('GOLDEN_MINE_CHEMISTRY_LAB_SCIENCE', 					'BuildingType', 	'BUILDING_CHEMISTRY_LAB'), 
('GOLDEN_MINE_CHEMISTRY_LAB_SCIENCE', 					'CityStatesOnly', 	0), 
('GOLDEN_MINE_CHEMISTRY_LAB_SCIENCE', 					'YieldType', 		'YIELD_SCIENCE'),
('GOLDEN_OIL_WELL_CHEMISTRY_LAB_SCIENCE', 				'Amount', 			1), 
('GOLDEN_OIL_WELL_CHEMISTRY_LAB_SCIENCE', 				'BuildingType', 	'BUILDING_CHEMISTRY_LAB'), 
('GOLDEN_OIL_WELL_CHEMISTRY_LAB_SCIENCE', 				'CityStatesOnly', 	0), 
('GOLDEN_OIL_WELL_CHEMISTRY_LAB_SCIENCE', 				'YieldType', 		'YIELD_SCIENCE'),
('GOLDEN_CAMP_BIOLOGY_LAB_SCIENCE', 					'Amount', 			1), 
('GOLDEN_CAMP_BIOLOGY_LAB_SCIENCE', 					'BuildingType', 	'BUILDING_ANIMAL_LAB'), 
('GOLDEN_CAMP_BIOLOGY_LAB_SCIENCE', 					'CityStatesOnly', 	0), 
('GOLDEN_CAMP_BIOLOGY_LAB_SCIENCE', 					'YieldType', 		'YIELD_SCIENCE'),
('GOLDEN_PASTURE_BIOLOGY_LAB_SCIENCE', 					'Amount', 			1), 
('GOLDEN_PASTURE_BIOLOGY_LAB_SCIENCE', 					'BuildingType', 	'BUILDING_ANIMAL_LAB'), 
('GOLDEN_PASTURE_BIOLOGY_LAB_SCIENCE', 					'CityStatesOnly', 	0), 
('GOLDEN_PASTURE_BIOLOGY_LAB_SCIENCE', 					'YieldType', 		'YIELD_SCIENCE'),
('GOLDEN_FARM_BIOLOGY_LAB_SCIENCE', 					'Amount', 			1), 
('GOLDEN_FARM_BIOLOGY_LAB_SCIENCE', 					'BuildingType', 	'BUILDING_BIOLOGY_LAB'), 
('GOLDEN_FARM_BIOLOGY_LAB_SCIENCE', 					'CityStatesOnly', 	0), 
('GOLDEN_FARM_BIOLOGY_LAB_SCIENCE', 					'YieldType', 		'YIELD_SCIENCE'),
('GOLDEN_PLANTATION_BIOLOGY_LAB_SCIENCE', 				'Amount', 			1), 
('GOLDEN_PLANTATION_BIOLOGY_LAB_SCIENCE', 				'BuildingType', 	'BUILDING_BIOLOGY_LAB'), 
('GOLDEN_PLANTATION_BIOLOGY_LAB_SCIENCE', 				'CityStatesOnly', 	0), 
('GOLDEN_PLANTATION_BIOLOGY_LAB_SCIENCE', 				'YieldType', 		'YIELD_SCIENCE'),
('GOLDEN_OFFSHORE_OIL_RIG_RESEARCH_LAB_SCIENCE', 		'Amount', 			1), 
('GOLDEN_OFFSHORE_OIL_RIG_RESEARCH_LAB_SCIENCE', 		'BuildingType', 	'BUILDING_RESEARCH_LAB'), 
('GOLDEN_OFFSHORE_OIL_RIG_RESEARCH_LAB_SCIENCE', 		'CityStatesOnly', 	0), 
('GOLDEN_OFFSHORE_OIL_RIG_RESEARCH_LAB_SCIENCE', 		'YieldType', 		'YIELD_SCIENCE'),
('GOLDEN_FISHING_BOATS_RESEARCH_LAB_SCIENCE', 			'Amount', 			1), 
('GOLDEN_FISHING_BOATS_RESEARCH_LAB_SCIENCE', 			'BuildingType', 	'BUILDING_RESEARCH_LAB'), 
('GOLDEN_FISHING_BOATS_RESEARCH_LAB_SCIENCE', 			'CityStatesOnly', 	0), 
('GOLDEN_FISHING_BOATS_RESEARCH_LAB_SCIENCE', 			'YieldType', 		'YIELD_SCIENCE');

INSERT OR REPLACE INTO RequirementSets (RequirementSetId, RequirementSetType) VALUES 
('GOLDEN_PLOT_HAS_RESOURCE_IS_ADJACENT_TO_CAMPUS_REQUIREMENTS', 	'REQUIREMENTSET_TEST_ALL'),
('GOLDEN_PLOT_HAS_RESOURCE_IS_FAR_ADJACENT_TO_CAMPUS_REQUIREMENTS', 'REQUIREMENTSET_TEST_ALL');

INSERT OR REPLACE INTO RequirementSetRequirements (RequirementSetId, RequirementId) VALUES 
('GOLDEN_PLOT_HAS_RESOURCE_IS_ADJACENT_TO_CAMPUS_REQUIREMENTS', 	'GOLDEN_REQUIRES_PLOT_IS_WITHIN_TWO_TILES_TO_DISTRICT_CAMPUS'),
('GOLDEN_PLOT_HAS_RESOURCE_IS_ADJACENT_TO_CAMPUS_REQUIREMENTS', 	'PLOT_HAS_RESOURCE_REQUIREMENTS'),
('GOLDEN_PLOT_HAS_RESOURCE_IS_FAR_ADJACENT_TO_CAMPUS_REQUIREMENTS', 'GOLDEN_REQUIRES_PLOT_IS_WITHIN_THREE_TILES_TO_DISTRICT_CAMPUS'),
('GOLDEN_PLOT_HAS_RESOURCE_IS_FAR_ADJACENT_TO_CAMPUS_REQUIREMENTS', 'PLOT_HAS_RESOURCE_REQUIREMENTS');

--Involution for T3
INSERT OR REPLACE INTO BuildingModifiers (BuildingType, ModifierId) VALUES 
('BUILDING_BIOLOGY_LAB',    'GOLDEN_BIOLOGY_LAB_INVOLUTION'),
('BUILDING_ANIMAL_LAB',    	'GOLDEN_ANIMAL_LAB_INVOLUTION'),
('BUILDING_CHEMISTRY_LAB',  'GOLDEN_CHEMISTRY_LAB_INVOLUTION'),
('BUILDING_RESEARCH_LAB',  	'GOLDEN_RESEARCH_LAB_INVOLUTION');
INSERT OR REPLACE INTO Modifiers (ModifierId, ModifierType, RunOnce, Permanent, NewOnly, OwnerRequirementSetId, SubjectRequirementSetId) VALUES 
('GOLDEN_BIOLOGY_LAB_INVOLUTION',     'MODIFIER_PLAYER_CITIES_ADJUST_BUILDING_YIELD_CHANGE', 0, 0, 0, NULL, NULL),
('GOLDEN_ANIMAL_LAB_INVOLUTION',     'MODIFIER_PLAYER_CITIES_ADJUST_BUILDING_YIELD_CHANGE', 0, 0, 0, NULL, NULL),
('GOLDEN_CHEMISTRY_LAB_INVOLUTION',   'MODIFIER_PLAYER_CITIES_ADJUST_BUILDING_YIELD_CHANGE', 0, 0, 0, NULL, NULL),
('GOLDEN_RESEARCH_LAB_INVOLUTION',   'MODIFIER_PLAYER_CITIES_ADJUST_BUILDING_YIELD_CHANGE', 0, 0, 0, NULL, NULL);
INSERT OR REPLACE INTO ModifierArguments (ModifierId, Name, Value) VALUES 
('GOLDEN_BIOLOGY_LAB_INVOLUTION',     'Amount',       -1), 
('GOLDEN_BIOLOGY_LAB_INVOLUTION',     'BuildingType',   'BUILDING_BIOLOGY_LAB'), 
('GOLDEN_BIOLOGY_LAB_INVOLUTION',     'CityStatesOnly',   0), 
('GOLDEN_BIOLOGY_LAB_INVOLUTION',     'YieldType',    'YIELD_GOLD'),
('GOLDEN_ANIMAL_LAB_INVOLUTION',     'Amount',       -1), 
('GOLDEN_ANIMAL_LAB_INVOLUTION',     'BuildingType',   'BUILDING_ANIMAL_LAB'), 
('GOLDEN_ANIMAL_LAB_INVOLUTION',     'CityStatesOnly',   0), 
('GOLDEN_ANIMAL_LAB_INVOLUTION',     'YieldType',    'YIELD_GOLD'),
('GOLDEN_CHEMISTRY_LAB_INVOLUTION',   'Amount',       -1), 
('GOLDEN_CHEMISTRY_LAB_INVOLUTION',   'BuildingType',   'BUILDING_CHEMISTRY_LAB'), 
('GOLDEN_CHEMISTRY_LAB_INVOLUTION',   'CityStatesOnly',   0), 
('GOLDEN_CHEMISTRY_LAB_INVOLUTION',   'YieldType',    'YIELD_GOLD'),
('GOLDEN_RESEARCH_LAB_INVOLUTION',   'Amount',       -1), 
('GOLDEN_RESEARCH_LAB_INVOLUTION',   'BuildingType',   'BUILDING_RESEARCH_LAB'), 
('GOLDEN_RESEARCH_LAB_INVOLUTION',   'CityStatesOnly',   0), 
('GOLDEN_RESEARCH_LAB_INVOLUTION',   'YieldType',    'YIELD_GOLD');



--T4
--GIANT_TELESCOPE
INSERT OR REPLACE INTO BuildingModifiers (BuildingType, ModifierId) VALUES 
('BUILDING_GIANT_TELESCOPE', 'GOLDEN_GIANT_TELESCOPE_ADJUST_SPACE_RACE_PROJECTS_PRODUCTION');
INSERT OR REPLACE INTO Modifiers (ModifierId, ModifierType, RunOnce, Permanent, NewOnly, OwnerRequirementSetId, SubjectRequirementSetId) VALUES 
('GOLDEN_GIANT_TELESCOPE_ADJUST_SPACE_RACE_PROJECTS_PRODUCTION', 'MODIFIER_PLAYER_CITIES_ADJUST_SPACE_RACE_PROJECTS_PRODUCTION', 0, 0, 0, NULL, NULL);
INSERT OR REPLACE INTO ModifierArguments (ModifierId, Name, Value) VALUES 
('GOLDEN_GIANT_TELESCOPE_ADJUST_SPACE_RACE_PROJECTS_PRODUCTION', 'Amount', 50);

--SUPER_COMPUTER
INSERT OR REPLACE INTO BuildingModifiers (BuildingType, ModifierId) VALUES 
('BUILDING_SUPER_COMPUTER', 'GOLDEN_SUPER_COMPUTER_ADJUST_ALL_PROJECTS_PRODUCTION');
INSERT OR REPLACE INTO Modifiers (ModifierId, ModifierType, RunOnce, Permanent, NewOnly, OwnerRequirementSetId, SubjectRequirementSetId) VALUES 
('GOLDEN_SUPER_COMPUTER_ADJUST_ALL_PROJECTS_PRODUCTION', 'MODIFIER_PLAYER_CITIES_ADJUST_ALL_PROJECTS_PRODUCTION', 0, 0, 0, NULL, NULL);
INSERT OR REPLACE INTO ModifierArguments (ModifierId, Name, Value) VALUES 
('GOLDEN_SUPER_COMPUTER_ADJUST_ALL_PROJECTS_PRODUCTION', 'Amount', 15);


--HADRON_COLLIDER
INSERT OR REPLACE INTO BuildingModifiers (BuildingType, ModifierId) SELECT
'BUILDING_HADRON_COLLIDER', 'GOLDEN_HADRON_COLLIDER_ADJUST_'||ProjectType||'_PRODUCTION' FROM Projects WHERE WMD = 1;
INSERT OR REPLACE INTO Modifiers (ModifierId, ModifierType, RunOnce, Permanent, NewOnly, OwnerRequirementSetId, SubjectRequirementSetId) SELECT
'GOLDEN_HADRON_COLLIDER_ADJUST_'||ProjectType||'_PRODUCTION', 'MODIFIER_PLAYER_CITIES_ADJUST_PROJECT_PRODUCTION', 0, 0, 0, NULL, NULL FROM Projects WHERE WMD = 1;
INSERT OR REPLACE INTO ModifierArguments (ModifierId, Name, Value) SELECT 
'GOLDEN_HADRON_COLLIDER_ADJUST_'||ProjectType||'_PRODUCTION', 'Amount', 50 FROM Projects WHERE WMD = 1;
INSERT OR REPLACE INTO ModifierArguments (ModifierId, Name, Value) SELECT 
'GOLDEN_HADRON_COLLIDER_ADJUST_'||ProjectType||'_PRODUCTION', 'ProjectType', ProjectType FROM Projects WHERE WMD = 1;


--Requirements
INSERT OR REPLACE INTO      Requirements (RequirementId,            RequirementType) VALUES                     
('GOLDEN_REQUIRES_CITY_HAS_BUILDING_OBSERVATORY',                   'REQUIREMENT_CITY_HAS_BUILDING'),
('GOLDEN_REQUIRES_CITY_HAS_BUILDING_ALCHEMY_HOUSE',                 'REQUIREMENT_CITY_HAS_BUILDING'),
('GOLDEN_REQUIRES_CITY_HAS_BUILDING_PUBLIC_SCHOOL',                 'REQUIREMENT_CITY_HAS_BUILDING'),
('GOLDEN_REQUIRES_CITY_HAS_BUILDING_ACADEMIC_EXCHANGE',             'REQUIREMENT_CITY_HAS_BUILDING');

INSERT OR IGNORE INTO      Requirements (RequirementId,            RequirementType) VALUES                     
('GOLDEN_REQUIRES_CITY_HAS_BUILDING_NAVIGATION_SCHOOL',             'REQUIREMENT_CITY_HAS_BUILDING'),
('GOLDEN_REQUIRES_CITY_HAS_BUILDING_ALCHEMICAL_SOCIETY',            'REQUIREMENT_CITY_HAS_BUILDING');

INSERT OR REPLACE INTO      RequirementArguments (RequirementId,	Name,               Value) VALUES                       
('GOLDEN_REQUIRES_CITY_HAS_BUILDING_OBSERVATORY',               	'BuildingType',     'BUILDING_OBSERVATORY'), 
('GOLDEN_REQUIRES_CITY_HAS_BUILDING_ALCHEMY_HOUSE',             	'BuildingType',     'BUILDING_ALCHEMY_HOUSE'),   
('GOLDEN_REQUIRES_CITY_HAS_BUILDING_PUBLIC_SCHOOL',             	'BuildingType',     'BUILDING_PUBLIC_SCHOOL'),
('GOLDEN_REQUIRES_CITY_HAS_BUILDING_ACADEMIC_EXCHANGE',				'BuildingType',     'BUILDING_ACADEMIC_EXCHANGE');

INSERT OR IGNORE INTO      RequirementArguments (RequirementId,	Name,               Value) VALUES                       
('GOLDEN_REQUIRES_CITY_HAS_BUILDING_NAVIGATION_SCHOOL',             'BuildingType',     'BUILDING_NAVIGATION_SCHOOL'), 
('GOLDEN_REQUIRES_CITY_HAS_BUILDING_ALCHEMICAL_SOCIETY',            'BuildingType',     'BUILDING_ALCHEMICAL_SOCIETY');

--GREAT SCIENTISTS
INSERT OR REPLACE INTO GreatPersonIndividualActionModifiers (GreatPersonIndividualType, 			ModifierId, AttachmentTargetType) VALUES	
('GREAT_PERSON_INDIVIDUAL_HYPATIA',	                   		'GOLDEN_HYPATIA_ALCHEMY_HOUSE_SCIENCE',           	'GREAT_PERSON_ACTION_ATTACHMENT_TARGET_DISTRICT_IN_TILE'),
('GREAT_PERSON_INDIVIDUAL_HYPATIA',	                   		'GOLDEN_HYPATIA_OBSERVATORY_SCIENCE',           	'GREAT_PERSON_ACTION_ATTACHMENT_TARGET_DISTRICT_IN_TILE'),
('GREAT_PERSON_INDIVIDUAL_ISAAC_NEWTON',	                'GOLDEN_ISAAC_NEWTON_PUBLIC_SCHOOL_SCIENCE',        'GREAT_PERSON_ACTION_ATTACHMENT_TARGET_DISTRICT_IN_TILE'),
('GREAT_PERSON_INDIVIDUAL_ISAAC_NEWTON',	                'GOLDEN_ISAAC_NEWTON_ACADEMIC_EXCHANGE_SCIENCE',    'GREAT_PERSON_ACTION_ATTACHMENT_TARGET_DISTRICT_IN_TILE'),
('GREAT_PERSON_INDIVIDUAL_ALBERT_EINSTEIN',	                'GOLDEN_ALBERT_EINSTEIN_BIOLOGY_LAB_SCIENCE',     	'GREAT_PERSON_ACTION_ATTACHMENT_TARGET_DISTRICT_IN_TILE'),
('GREAT_PERSON_INDIVIDUAL_ALBERT_EINSTEIN',	                'GOLDEN_ALBERT_EINSTEIN_ANIMAL_LAB_SCIENCE',     	'GREAT_PERSON_ACTION_ATTACHMENT_TARGET_DISTRICT_IN_TILE'),
('GREAT_PERSON_INDIVIDUAL_ALBERT_EINSTEIN',	                'GOLDEN_ALBERT_EINSTEIN_CHEMISTRY_LAB_SCIENCE',     'GREAT_PERSON_ACTION_ATTACHMENT_TARGET_DISTRICT_IN_TILE');

INSERT OR REPLACE INTO Modifiers (ModifierId, ModifierType, RunOnce, Permanent, SubjectRequirementSetId) VALUES	
('GOLDEN_HYPATIA_ALCHEMY_HOUSE_SCIENCE',      			'MODIFIER_PLAYER_CITIES_ADJUST_BUILDING_YIELD_CHANGE',  0, 1, NULL),
('GOLDEN_HYPATIA_OBSERVATORY_SCIENCE',      			'MODIFIER_PLAYER_CITIES_ADJUST_BUILDING_YIELD_CHANGE',  0, 1, NULL),
('GOLDEN_ISAAC_NEWTON_PUBLIC_SCHOOL_SCIENCE',      		'MODIFIER_PLAYER_CITIES_ADJUST_BUILDING_YIELD_CHANGE',  0, 1, NULL),
('GOLDEN_ISAAC_NEWTON_ACADEMIC_EXCHANGE_SCIENCE',       'MODIFIER_PLAYER_CITIES_ADJUST_BUILDING_YIELD_CHANGE',  0, 1, NULL),
('GOLDEN_ALBERT_EINSTEIN_BIOLOGY_LAB_SCIENCE',      	'MODIFIER_PLAYER_CITIES_ADJUST_BUILDING_YIELD_CHANGE',  0, 1, NULL),
('GOLDEN_ALBERT_EINSTEIN_ANIMAL_LAB_SCIENCE',      		'MODIFIER_PLAYER_CITIES_ADJUST_BUILDING_YIELD_CHANGE',  0, 1, NULL),
('GOLDEN_ALBERT_EINSTEIN_CHEMISTRY_LAB_SCIENCE',        'MODIFIER_PLAYER_CITIES_ADJUST_BUILDING_YIELD_CHANGE',  0, 1, NULL);

INSERT OR REPLACE INTO ModifierArguments (ModifierId,			Name,		        Value) VALUES
('GOLDEN_HYPATIA_ALCHEMY_HOUSE_SCIENCE',			'BuildingType',	    'BUILDING_ALCHEMY_HOUSE'),
('GOLDEN_HYPATIA_ALCHEMY_HOUSE_SCIENCE',			'Amount',	    	3),
('GOLDEN_HYPATIA_ALCHEMY_HOUSE_SCIENCE',			'YieldType',	    'YIELD_SCIENCE'),
('GOLDEN_HYPATIA_OBSERVATORY_SCIENCE',				'BuildingType',	    'BUILDING_OBSERVATORY'),
('GOLDEN_HYPATIA_OBSERVATORY_SCIENCE',				'Amount',	    	3),
('GOLDEN_HYPATIA_OBSERVATORY_SCIENCE',				'YieldType',	    'YIELD_SCIENCE'),
('GOLDEN_ISAAC_NEWTON_PUBLIC_SCHOOL_SCIENCE',		'BuildingType',	    'BUILDING_PUBLIC_SCHOOL'),
('GOLDEN_ISAAC_NEWTON_PUBLIC_SCHOOL_SCIENCE',		'Amount',	    	4),
('GOLDEN_ISAAC_NEWTON_PUBLIC_SCHOOL_SCIENCE',		'YieldType',	    'YIELD_SCIENCE'),
('GOLDEN_ISAAC_NEWTON_ACADEMIC_EXCHANGE_SCIENCE',	'BuildingType',	    'BUILDING_ACADEMIC_EXCHANGE'),
('GOLDEN_ISAAC_NEWTON_ACADEMIC_EXCHANGE_SCIENCE',	'Amount',	    	4),
('GOLDEN_ISAAC_NEWTON_ACADEMIC_EXCHANGE_SCIENCE',	'YieldType',	    'YIELD_SCIENCE'),
('GOLDEN_ALBERT_EINSTEIN_BIOLOGY_LAB_SCIENCE',		'BuildingType',	    'BUILDING_BIOLOGY_LAB'),
('GOLDEN_ALBERT_EINSTEIN_BIOLOGY_LAB_SCIENCE',		'Amount',	    	5),
('GOLDEN_ALBERT_EINSTEIN_BIOLOGY_LAB_SCIENCE',		'YieldType',	    'YIELD_SCIENCE'),
('GOLDEN_ALBERT_EINSTEIN_ANIMAL_LAB_SCIENCE',		'BuildingType',	    'BUILDING_ANIMAL_LAB'),
('GOLDEN_ALBERT_EINSTEIN_ANIMAL_LAB_SCIENCE',		'Amount',	    	5),
('GOLDEN_ALBERT_EINSTEIN_ANIMAL_LAB_SCIENCE',		'YieldType',	    'YIELD_SCIENCE'),
('GOLDEN_ALBERT_EINSTEIN_CHEMISTRY_LAB_SCIENCE',	'BuildingType',	    'BUILDING_CHEMISTRY_LAB'),
('GOLDEN_ALBERT_EINSTEIN_CHEMISTRY_LAB_SCIENCE',	'Amount',	    	5),
('GOLDEN_ALBERT_EINSTEIN_CHEMISTRY_LAB_SCIENCE',	'YieldType',	    'YIELD_SCIENCE');



