------
--LA--
------
--TraitModifiers
DELETE FROM TraitModifiers WHERE TraitType = 'TRAIT_LEADER_WILLIAM_OF_ORANGE';
INSERT OR REPLACE INTO TraitModifiers (TraitType, 			ModifierId) VALUES	
('TRAIT_LEADER_WILLIAM_OF_ORANGE',	'TRAIT_HARBOR_CULTURE_BOMB'),--Base game
('TRAIT_LEADER_WILLIAM_OF_ORANGE',	'GOLDEN_TRAIT_WILLIAM_OF_ORANGE_MORE_TRADE_ROUTE'),
('TRAIT_LEADER_WILLIAM_OF_ORANGE',	'GOLDEN_TRAIT_WILLIAM_OF_ORANGE_SEA_MOVEMENT'),
('TRAIT_LEADER_WILLIAM_OF_ORANGE',	'GOLDEN_TRAIT_WILLIAM_OF_ORANGE_EMBARKED_MOVEMENT'),
('TRAIT_LEADER_WILLIAM_OF_ORANGE',	'GOLDEN_TRAIT_WILLIAM_OF_ORANGE_TRADE_ROUTE_DISTANCE_GOLD'),
('TRAIT_LEADER_WILLIAM_OF_ORANGE',	'GOLDEN_TRAIT_WILLIAM_OF_ORANGE_TRADE_ROUTE_DISTANCE_CULTURE');
----Modifiers
INSERT OR REPLACE INTO Modifiers (ModifierId,						ModifierType,														SubjectRequirementSetId) VALUES
('GOLDEN_TRAIT_WILLIAM_OF_ORANGE_MORE_TRADE_ROUTE',					'MODIFIER_PLAYER_CITIES_ADJUST_TRADE_ROUTE_CAPACITY',				'GOLDEN_CITY_HAS_BUILDING_SHIPYARD_REQUIREMENTS'),
('GOLDEN_TRAIT_WILLIAM_OF_ORANGE_SEA_MOVEMENT',						'MODIFIER_PLAYER_UNITS_ADJUST_SEA_MOVEMENT',	        			NULL),
('GOLDEN_TRAIT_WILLIAM_OF_ORANGE_EMBARKED_MOVEMENT',				'MODIFIER_PLAYER_ADJUST_EMBARKED_MOVEMENT',	            			NULL),
('GOLDEN_TRAIT_WILLIAM_OF_ORANGE_TRADE_ROUTE_DISTANCE_GOLD',		'GOLDEN_MODIFIER_PLAYER_ADJUST_TRADE_ROUTE_YIELD_PER_PATH_TILE',	NULL),
('GOLDEN_TRAIT_WILLIAM_OF_ORANGE_TRADE_ROUTE_DISTANCE_CULTURE',		'GOLDEN_MODIFIER_PLAYER_ADJUST_TRADE_ROUTE_YIELD_PER_PATH_TILE',	NULL);
--ModifierArguments
INSERT OR REPLACE INTO ModifierArguments (ModifierId,			Name,						Value) VALUES
('GOLDEN_TRAIT_WILLIAM_OF_ORANGE_MORE_TRADE_ROUTE',				'Amount',       	1),
('GOLDEN_TRAIT_WILLIAM_OF_ORANGE_SEA_MOVEMENT',					'Amount',       	2),
('GOLDEN_TRAIT_WILLIAM_OF_ORANGE_EMBARKED_MOVEMENT',			'Amount',       	2),
('GOLDEN_TRAIT_WILLIAM_OF_ORANGE_TRADE_ROUTE_DISTANCE_GOLD',    'YieldType', 		'YIELD_GOLD'),
('GOLDEN_TRAIT_WILLIAM_OF_ORANGE_TRADE_ROUTE_DISTANCE_GOLD',    'Amount',      		0.33),
('GOLDEN_TRAIT_WILLIAM_OF_ORANGE_TRADE_ROUTE_DISTANCE_CULTURE', 'YieldType', 		'YIELD_CULTURE'),
('GOLDEN_TRAIT_WILLIAM_OF_ORANGE_TRADE_ROUTE_DISTANCE_CULTURE', 'Amount',      		0.2);