------
--UA--
------
-- ExcludedAdjacencies
DELETE FROM ExcludedAdjacencies WHERE TraitType = 'TRAIT_CIVILIZATION_INDONESIA_NUSANTARA';

--TraitModifiers
INSERT OR REPLACE INTO TraitModifiers (TraitType, 			ModifierId) VALUES	
('TRAIT_CIVILIZATION_INDONESIA_NUSANTARA',	'GA_TRAIT_INDONESIA_FREE_CINNAMON'),
('TRAIT_CIVILIZATION_INDONESIA_NUSANTARA',	'GA_TRAIT_INDONESIA_FREE_CLOVES'),
('TRAIT_CIVILIZATION_INDONESIA_NUSANTARA',	'GA_TRAIT_INDONESIA_FREE_SPICES'),
('TRAIT_CIVILIZATION_INDONESIA_NUSANTARA',	'GA_TRAIT_INDONESIA_FISHERY_PRODUCTION'),
('TRAIT_CIVILIZATION_INDONESIA_NUSANTARA',	'GA_TRAIT_INDONESIA_FISHING_BOATS_PRODUCTION'),
('TRAIT_CIVILIZATION_INDONESIA_NUSANTARA',	'GA_TRAIT_INDONESIA_ENCAMPMENT_HOUSING'),
('TRAIT_CIVILIZATION_INDONESIA_NUSANTARA',	'GA_TRAIT_INDONESIA_NON_COASTAL_DEBUFF');
----Modifiers
INSERT OR REPLACE INTO Modifiers (ModifierId, 				ModifierType, 												SubjectRequirementSetId) VALUES
('GA_TRAIT_INDONESIA_FREE_CINNAMON',						'MODIFIER_PLAYER_ADJUST_FREE_RESOURCE_IMPORT',					NULL),
('GA_TRAIT_INDONESIA_FREE_CLOVES',							'MODIFIER_PLAYER_ADJUST_FREE_RESOURCE_IMPORT',					NULL),
('GA_TRAIT_INDONESIA_FREE_SPICES',							'MODIFIER_PLAYER_ADJUST_FREE_RESOURCE_IMPORT',					NULL),
('GA_TRAIT_INDONESIA_FISHERY_PRODUCTION',					'MODIFIER_PLAYER_ADJUST_PLOT_YIELD',							'GOLDEN_PLOT_HAS_IMPROVEMENT_FISHERY_REQUIREMENTS'),
('GA_TRAIT_INDONESIA_FISHING_BOATS_PRODUCTION',				'MODIFIER_PLAYER_ADJUST_PLOT_YIELD',							'GOLDEN_PLOT_HAS_IMPROVEMENT_FISHING_BOATS_REQUIREMENTS'),
('GA_TRAIT_INDONESIA_ENCAMPMENT_HOUSING',					'MODIFIER_PLAYER_DISTRICTS_ADJUST_HOUSING',						'GOLDEN_INDONESIA_ENCAMPMENT_COAST_REQUIREMENTS'),
('GA_TRAIT_INDONESIA_NON_COASTAL_DEBUFF',					'MODIFIER_PLAYER_CITIES_ADJUST_POLICY_AMENITY',					'GA_PLOT_NOT_ADJACENT_TO_COAST_REQUIREMENTS');
--ModifierArguments
INSERT OR REPLACE INTO ModifierArguments (ModifierId,				    Name,		    Value) VALUES
('GA_TRAIT_INDONESIA_FREE_CINNAMON',									'ResourceType',	'RESOURCE_CINNAMON'),
('GA_TRAIT_INDONESIA_FREE_CINNAMON',									'Amount',		1),
('GA_TRAIT_INDONESIA_FREE_CLOVES',										'ResourceType',	'RESOURCE_CLOVES'),
('GA_TRAIT_INDONESIA_FREE_CLOVES',										'Amount',		1),
('GA_TRAIT_INDONESIA_FREE_SPICES',										'ResourceType',	'RESOURCE_SPICES'),
('GA_TRAIT_INDONESIA_FREE_SPICES',										'Amount',		1),
('GA_TRAIT_INDONESIA_FISHERY_PRODUCTION',								'YieldType',	'YIELD_PRODUCTION'),
('GA_TRAIT_INDONESIA_FISHERY_PRODUCTION',								'Amount',		1),
('GA_TRAIT_INDONESIA_FISHING_BOATS_PRODUCTION',							'YieldType',	'YIELD_PRODUCTION'),
('GA_TRAIT_INDONESIA_FISHING_BOATS_PRODUCTION',							'Amount',		1),
('GA_TRAIT_INDONESIA_ENCAMPMENT_HOUSING',								'Amount',		1),
('GA_TRAIT_INDONESIA_NON_COASTAL_DEBUFF',								'Amount',		-1);
--RequirementSets
INSERT OR REPLACE INTO RequirementSets 				(RequirementSetId , RequirementSetType) 	VALUES 		
('GOLDEN_INDONESIA_ENCAMPMENT_COAST_REQUIREMENTS' , 		'REQUIREMENTSET_TEST_ALL');
--RequirementSetRequirements
INSERT OR REPLACE INTO RequirementSetRequirements 	(RequirementSetId , RequirementId) 			VALUES 		
('GOLDEN_INDONESIA_ENCAMPMENT_COAST_REQUIREMENTS' , 		'GOLDEN_REQUIRES_DISTRICT_IS_DISTRICT_ENCAMPMENT'),					
('GOLDEN_INDONESIA_ENCAMPMENT_COAST_REQUIREMENTS' , 		'REQUIRES_PLOT_IS_ADJACENT_TO_COAST');

------
--LA--
------
--TraitModifiers
DELETE FROM TraitModifiers WHERE TraitType = 'TRAIT_LEADER_EXALTED_GODDESS';
INSERT OR REPLACE INTO TraitModifiers (TraitType, 			ModifierId) VALUES	
('TRAIT_LEADER_EXALTED_GODDESS',	'TRAIT_FAITH_CITY_CENTER'),--Base game
('TRAIT_LEADER_EXALTED_GODDESS',	'GOLDEN_TRAIT_INDONESIA_GOLD_CITY_CENTER'),--v223 GoldenAge
('TRAIT_LEADER_EXALTED_GODDESS',	'TRAIT_NAVAL_MELEE_FAITH'),--Base game
('TRAIT_LEADER_EXALTED_GODDESS',	'TRAIT_NAVAL_RANGED_FAITH'),--Base game
('TRAIT_LEADER_EXALTED_GODDESS',	'TRAIT_NAVAL_RAIDER_FAITH'),--Base game
('TRAIT_LEADER_EXALTED_GODDESS',	'TRAIT_NAVAL_CARRIER_FAITH'),--Base game
('TRAIT_LEADER_EXALTED_GODDESS',	'GOLDEN_TRAIT_INDONESIA_PURCHASE_CIVILIAN'),--v223 GoldenAge
('TRAIT_LEADER_EXALTED_GODDESS',	'GA_TRAIT_INDONESIA_COAST_FAITH');
----Modifiers
INSERT OR REPLACE INTO Modifiers (ModifierId, 				ModifierType, 												SubjectRequirementSetId) VALUES
('GA_TRAIT_INDONESIA_COAST_FAITH',							'MODIFIER_PLAYER_ADJUST_PLOT_YIELD',						'GOLDEN_PLOT_HAS_COAST_REQUIREMENTS');

--ModifierArguments
INSERT OR REPLACE INTO ModifierArguments (ModifierId,			Name,		    Value) VALUES
('GA_TRAIT_INDONESIA_COAST_FAITH',								'YieldType',	'YIELD_FAITH'),
('GA_TRAIT_INDONESIA_COAST_FAITH',								'Amount',		2);

